entity_id,name,department,city,operating_system,browser,auth_method,login_time,logout_time,resources
Emp001,Dennis Martin,HR,Chennai,Linux,Chrome,Password,18:00,02:00,"Email,HR Portal,Payroll"
Emp002,Carolyn Brown,Finance,Mumbai,Linux,Chrome,Password,18:00,02:00,"Accounting,Invoices,Payroll"
Emp003,Ashlee Freeman,Sales,Mumbai,Linux,Edge,Biometric,08:00,17:00,"CRM,Customer Portal,Email"
Emp004,Tyler Blackburn,Marketing,Chennai,macos,Chrome,Token,18:00,02:00,"Analytics,Campaign Dashboard,Email"
Emp005,Aaron Gentry,IT,Hyderbad,Windows,Edge,Password,10:00,19:00,"GitHub,Jira,Server"
Emp006,Gabriel Simpson,IT,Pune,Linux,Edge,Biometric,08:00,17:00,"GitHub,Jira,Server"
Emp007,Maria Brown,Finance,Pune,macos,Edge,Password,10:00,19:00,"Accounting,Invoices,Payroll"
Emp008,Donald Thompson,Marketing,Bangalore,Windows,Edge,Token,08:00,17:00,"Analytics,Campaign Dashboard,Email"
Emp009,Alicia Salazar,Marketing,Delhi,macos,Firefox,Biometric,09:00,18:00,"Analytics,Campaign Dashboard,Email"
Emp010,Jillian Ellis,Sales,Delhi,Linux,Edge,Password,08:00,17:00,"CRM,Customer Portal,Email"
Emp011,David Norman,Finance,Hyderbad,macos,Edge,Password,09:00,18:00,"Accounting,Invoices,Payroll"
Emp012,Albert Bates,IT,Delhi,macos,Edge,Biometric,09:00,18:00,"GitHub,Jira,Server"
Emp013,Patricia Thomas,IT,Mumbai,Linux,Edge,Biometric,08:00,17:00,"GitHub,Jira,Server"
Emp014,Thomas Owens,Finance,Chennai,macos,Firefox,Password,10:00,19:00,"Accounting,Invoices,Payroll"
Emp015,Colton Brooks,Sales,Bangalore,Windows,Edge,Token,09:00,18:00,"CRM,Customer Portal,Email"
Emp016,Nicholas Jordan,Finance,Mumbai,macos,Firefox,Token,09:00,18:00,"Accounting,Invoices,Payroll"
Emp017,Joe Armstrong,Sales,Pune,macos,Chrome,Biometric,18:00,02:00,"CRM,Customer Portal,Email"
Emp018,Kristen Lam,Marketing,Bangalore,macos,Edge,Password,08:00,17:00,"Analytics,Campaign Dashboard,Email"
Emp019,Alexander Kim,Marketing,Bangalore,macos,Edge,Password,10:00,19:00,"Analytics,Campaign Dashboard,Email"
Emp020,Jessica Jones,Finance,Delhi,Linux,Edge,Token,18:00,02:00,"Accounting,Invoices,Payroll"
Emp021,Stephen Gomez,Sales,Chennai,macos,Edge,Biometric,18:00,02:00,"CRM,Customer Portal,Email"
Emp022,Sarah Hernandez,Finance,Mumbai,Windows,Firefox,Password,18:00,02:00,"Accounting,Invoices,Payroll"
Emp023,Mark Keith,Sales,Mumbai,Linux,Chrome,Biometric,18:00,02:00,"CRM,Customer Portal,Email"
Emp024,Keith Mccann,IT,Hyderbad,Linux,Chrome,Password,18:00,02:00,"GitHub,Jira,Server"
Emp025,Karen Farrell,Marketing,Chennai,macos,Edge,Password,09:00,18:00,"Analytics,Campaign Dashboard,Email"
Emp026,Tracy Lester,IT,Bangalore,Windows,Firefox,Token,18:00,02:00,"GitHub,Jira,Server"
Emp027,Nicole Zimmerman,Sales,Delhi,Windows,Edge,Token,09:00,18:00,"CRM,Customer Portal,Email"
Emp028,Nathaniel Brock,Marketing,Mumbai,Linux,Firefox,Password,10:00,19:00,"Analytics,Campaign Dashboard,Email"
Emp029,Jordan Lewis,Finance,Hyderbad,macos,Edge,Biometric,09:00,18:00,"Accounting,Invoices,Payroll"
Emp030,Cathy Bell,HR,Pune,Windows,Chrome,Token,09:00,18:00,"Email,HR Portal,Payroll"
Emp031,John Jensen,Marketing,Delhi,Linux,Firefox,Password,09:00,18:00,"Analytics,Campaign Dashboard,Email"
Emp032,Benjamin White,HR,Pune,Linux,Firefox,Password,10:00,19:00,"Email,HR Portal,Payroll"
Emp033,Deborah Roberts,Marketing,Pune,macos,Chrome,Password,18:00,02:00,"Analytics,Campaign Dashboard,Email"
Emp034,Jean Sanchez,Marketing,Pune,Linux,Chrome,Biometric,10:00,19:00,"Analytics,Campaign Dashboard,Email"
Emp035,Russell Mccarthy,HR,Bangalore,macos,Edge,Biometric,08:00,17:00,"Email,HR Portal,Payroll"
Emp036,Gary Daugherty,IT,Delhi,Linux,Edge,Password,09:00,18:00,"GitHub,Jira,Server"
Emp037,Alexis Jordan,HR,Pune,Windows,Chrome,Biometric,18:00,02:00,"Email,HR Portal,Payroll"
Emp038,Rodney Nguyen,Sales,Bangalore,macos,Chrome,Biometric,09:00,18:00,"CRM,Customer Portal,Email"
Emp039,Michael Reid,IT,Chennai,macos,Edge,Password,09:00,18:00,"GitHub,Jira,Server"
Emp040,Emily Nicholson,HR,Mumbai,Linux,Firefox,Password,18:00,02:00,"Email,HR Portal,Payroll"
Emp041,Katelyn Lopez,IT,Chennai,Linux,Firefox,Biometric,18:00,02:00,"GitHub,Jira,Server"
Emp042,Alicia Reed,IT,Delhi,Linux,Edge,Biometric,09:00,18:00,"GitHub,Jira,Server"
Emp043,Linda Smith,HR,Bangalore,macos,Firefox,Biometric,08:00,17:00,"Email,HR Portal,Payroll"
Emp044,Shirley Wilson,HR,Pune,Linux,Chrome,Token,09:00,18:00,"Email,HR Portal,Payroll"
Emp045,Jeffrey Harris,Finance,Pune,Windows,Chrome,Token,10:00,19:00,"Accounting,Invoices,Payroll"
Emp046,Ashley Burton,Marketing,Hyderbad,Windows,Firefox,Password,10:00,19:00,"Analytics,Campaign Dashboard,Email"
Emp047,Christine Johnson,Sales,Chennai,macos,Firefox,Password,10:00,19:00,"CRM,Customer Portal,Email"
Emp048,Kathleen Roman,Sales,Pune,macos,Edge,Token,09:00,18:00,"CRM,Customer Portal,Email"
Emp049,Matthew Young,IT,Mumbai,macos,Chrome,Password,18:00,02:00,"GitHub,Jira,Server"
Emp050,Scott Huff,Marketing,Bangalore,macos,Chrome,Token,10:00,19:00,"Analytics,Campaign Dashboard,Email"
Emp051,Stacey Hanson,HR,Hyderbad,macos,Edge,Password,10:00,19:00,"Email,HR Portal,Payroll"
Emp052,Olivia Green,Finance,Hyderbad,Linux,Chrome,Biometric,18:00,02:00,"Accounting,Invoices,Payroll"
Emp053,Diane Moran,Sales,Chennai,Windows,Edge,Biometric,10:00,19:00,"CRM,Customer Portal,Email"
Emp054,Jeffrey Singh,IT,Hyderbad,Windows,Firefox,Biometric,09:00,18:00,"GitHub,Jira,Server"
Emp055,Jason Gray,Finance,Chennai,macos,Firefox,Biometric,09:00,18:00,"Accounting,Invoices,Payroll"
Emp056,Ashley Spears DVM,IT,Delhi,macos,Chrome,Token,10:00,19:00,"GitHub,Jira,Server"
Emp057,Tiffany Murray,Finance,Chennai,macos,Chrome,Biometric,08:00,17:00,"Accounting,Invoices,Payroll"
Emp058,Regina Duran,HR,Mumbai,Linux,Chrome,Password,08:00,17:00,"Email,HR Portal,Payroll"
Emp059,Robert Gonzalez,Finance,Hyderbad,macos,Chrome,Token,18:00,02:00,"Accounting,Invoices,Payroll"
Emp060,Derrick Gonzalez,Finance,Chennai,Linux,Edge,Password,08:00,17:00,"Accounting,Invoices,Payroll"
Emp061,Brittany Spence,Finance,Chennai,Linux,Firefox,Token,10:00,19:00,"Accounting,Invoices,Payroll"
Emp062,Cristina Shepherd,IT,Bangalore,Windows,Edge,Password,18:00,02:00,"GitHub,Jira,Server"
Emp063,Tracy Williams,HR,Delhi,macos,Firefox,Password,08:00,17:00,"Email,HR Portal,Payroll"
Emp064,Rebecca Underwood,HR,Bangalore,Linux,Chrome,Token,18:00,02:00,"Email,HR Portal,Payroll"
Emp065,Tommy Yu,HR,Mumbai,Linux,Edge,Biometric,09:00,18:00,"Email,HR Portal,Payroll"
Emp066,Richard Powell,HR,Hyderbad,macos,Edge,Biometric,09:00,18:00,"Email,HR Portal,Payroll"
Emp067,Brian Schneider,HR,Hyderbad,macos,Firefox,Token,10:00,19:00,"Email,HR Portal,Payroll"
Emp068,Gary Mason,Marketing,Pune,macos,Firefox,Biometric,09:00,18:00,"Analytics,Campaign Dashboard,Email"
Emp069,Sandra Wagner,Sales,Mumbai,Windows,Chrome,Password,18:00,02:00,"CRM,Customer Portal,Email"
Emp070,Jennifer Perez,Sales,Hyderbad,Windows,Firefox,Password,18:00,02:00,"CRM,Customer Portal,Email"
Emp071,Rachel Martin,IT,Mumbai,macos,Chrome,Token,10:00,19:00,"GitHub,Jira,Server"
Emp072,Christopher Duncan,HR,Mumbai,Windows,Edge,Biometric,10:00,19:00,"Email,HR Portal,Payroll"
Emp073,Miguel Rivera,Finance,Bangalore,Windows,Edge,Password,18:00,02:00,"Accounting,Invoices,Payroll"
Emp074,Kim Willis,Finance,Bangalore,Windows,Chrome,Biometric,09:00,18:00,"Accounting,Invoices,Payroll"
Emp075,Kelsey Jordan,Finance,Hyderbad,Windows,Firefox,Biometric,08:00,17:00,"Accounting,Invoices,Payroll"
Emp076,Marie Parker,Finance,Bangalore,macos,Edge,Password,18:00,02:00,"Accounting,Invoices,Payroll"
Emp077,Autumn Hernandez,Sales,Mumbai,macos,Edge,Biometric,09:00,18:00,"CRM,Customer Portal,Email"
Emp078,Amanda Holland,IT,Pune,macos,Firefox,Token,18:00,02:00,"GitHub,Jira,Server"
Emp079,Brandon Banks,IT,Chennai,macos,Firefox,Biometric,18:00,02:00,"GitHub,Jira,Server"
Emp080,Jose Johnson,Sales,Bangalore,Linux,Firefox,Token,08:00,17:00,"CRM,Customer Portal,Email"
Emp081,Randy Hicks,Marketing,Chennai,macos,Firefox,Password,10:00,19:00,"Analytics,Campaign Dashboard,Email"
Emp082,Micheal Logan,HR,Delhi,Linux,Chrome,Password,09:00,18:00,"Email,HR Portal,Payroll"
Emp083,Connie Ferguson,Sales,Delhi,Windows,Chrome,Biometric,08:00,17:00,"CRM,Customer Portal,Email"
Emp084,Joseph Castillo,Marketing,Delhi,Windows,Edge,Token,08:00,17:00,"Analytics,Campaign Dashboard,Email"
Emp085,Jesse Travis,HR,Pune,Linux,Edge,Biometric,09:00,18:00,"Email,HR Portal,Payroll"
Emp086,Robert Anderson,Marketing,Hyderbad,macos,Firefox,Password,10:00,19:00,"Analytics,Campaign Dashboard,Email"
Emp087,Sharon Gonzalez,IT,Pune,macos,Chrome,Password,10:00,19:00,"GitHub,Jira,Server"
Emp088,Justin Ortiz,IT,Delhi,macos,Edge,Password,08:00,17:00,"GitHub,Jira,Server"
Emp089,David Paul,HR,Pune,Windows,Edge,Password,10:00,19:00,"Email,HR Portal,Payroll"
Emp090,Mark Peterson,Finance,Pune,Windows,Edge,Token,18:00,02:00,"Accounting,Invoices,Payroll"
Emp091,Brandon Garrett,IT,Pune,Linux,Firefox,Biometric,10:00,19:00,"GitHub,Jira,Server"
Emp092,Richard Walton,HR,Hyderbad,Windows,Chrome,Biometric,18:00,02:00,"Email,HR Portal,Payroll"
Emp093,Kaylee Levy,Sales,Mumbai,macos,Firefox,Token,09:00,18:00,"CRM,Customer Portal,Email"
Emp094,Justin Mccarthy,Marketing,Hyderbad,macos,Edge,Token,18:00,02:00,"Analytics,Campaign Dashboard,Email"
Emp095,Barry Evans,IT,Delhi,macos,Firefox,Password,10:00,19:00,"GitHub,Jira,Server"
Emp096,Travis Gomez,Finance,Pune,macos,Edge,Password,09:00,18:00,"Accounting,Invoices,Payroll"
Emp097,Jeanette Christian,Finance,Pune,macos,Chrome,Token,18:00,02:00,"Accounting,Invoices,Payroll"
Emp098,Jennifer Bender,IT,Pune,Linux,Firefox,Biometric,08:00,17:00,"GitHub,Jira,Server"
Emp099,Kimberly Rivera,IT,Delhi,Linux,Edge,Biometric,09:00,18:00,"GitHub,Jira,Server"
Emp100,John Lara,Marketing,Delhi,Windows,Firefox,Token,18:00,02:00,"Analytics,Campaign Dashboard,Email"
Emp101,Jason Smith,Sales,Hyderbad,Windows,Firefox,Password,10:00,19:00,"CRM,Customer Portal,Email"
Emp102,David Collier,Sales,Pune,macos,Chrome,Token,09:00,18:00,"CRM,Customer Portal,Email"
Emp103,Russell Gonzalez,Marketing,Pune,Linux,Chrome,Token,08:00,17:00,"Analytics,Campaign Dashboard,Email"
Emp104,Nathan Elliott,Finance,Hyderbad,Linux,Edge,Biometric,18:00,02:00,"Accounting,Invoices,Payroll"
Emp105,Christine Bush,HR,Chennai,macos,Firefox,Token,18:00,02:00,"Email,HR Portal,Payroll"
Emp106,Lisa Morton,Sales,Chennai,macos,Edge,Token,10:00,19:00,"CRM,Customer Portal,Email"
Emp107,Lisa Curtis,IT,Hyderbad,Linux,Edge,Token,10:00,19:00,"GitHub,Jira,Server"
Emp108,Bruce Smith,Sales,Pune,Linux,Firefox,Token,09:00,18:00,"CRM,Customer Portal,Email"
Emp109,Nicole Kirk,Finance,Bangalore,macos,Firefox,Biometric,08:00,17:00,"Accounting,Invoices,Payroll"
Emp110,Julie Baker,Sales,Pune,Linux,Firefox,Biometric,09:00,18:00,"CRM,Customer Portal,Email"
Emp111,Jeremy Fitzpatrick,IT,Hyderbad,Linux,Edge,Token,10:00,19:00,"GitHub,Jira,Server"
Emp112,Bradley Knight,Finance,Delhi,macos,Chrome,Password,09:00,18:00,"Accounting,Invoices,Payroll"
Emp113,Alexander Walker,HR,Hyderbad,macos,Chrome,Biometric,08:00,17:00,"Email,HR Portal,Payroll"
Emp114,William Fox,Sales,Mumbai,Linux,Firefox,Token,18:00,02:00,"CRM,Customer Portal,Email"
Emp115,Carl Moreno,Sales,Delhi,Windows,Chrome,Biometric,08:00,17:00,"CRM,Customer Portal,Email"
Emp116,Elizabeth Carter,Marketing,Mumbai,Linux,Firefox,Password,18:00,02:00,"Analytics,Campaign Dashboard,Email"
Emp117,Erik Taylor,Finance,Chennai,Linux,Edge,Password,08:00,17:00,"Accounting,Invoices,Payroll"
Emp118,David Murray,Finance,Mumbai,Windows,Edge,Biometric,10:00,19:00,"Accounting,Invoices,Payroll"
Emp119,Sierra Wheeler,Finance,Hyderbad,macos,Edge,Token,08:00,17:00,"Accounting,Invoices,Payroll"
Emp120,Patricia Stafford,Marketing,Delhi,Windows,Edge,Biometric,08:00,17:00,"Analytics,Campaign Dashboard,Email"
Emp121,Amber Stone,Marketing,Chennai,macos,Edge,Biometric,10:00,19:00,"Analytics,Campaign Dashboard,Email"
Emp122,Elizabeth Hansen,Sales,Chennai,Linux,Firefox,Password,09:00,18:00,"CRM,Customer Portal,Email"
Emp123,Taylor Levy,Finance,Hyderbad,Windows,Chrome,Token,08:00,17:00,"Accounting,Invoices,Payroll"
Emp124,Paula Myers,HR,Delhi,Linux,Chrome,Token,10:00,19:00,"Email,HR Portal,Payroll"
Emp125,Allison Griffin,Sales,Chennai,Windows,Chrome,Token,09:00,18:00,"CRM,Customer Portal,Email"
Emp126,Robert Smith,Sales,Bangalore,macos,Chrome,Password,18:00,02:00,"CRM,Customer Portal,Email"
Emp127,Denise Gonzalez,Finance,Delhi,Windows,Chrome,Biometric,08:00,17:00,"Accounting,Invoices,Payroll"
Emp128,Brandon Lewis,Sales,Mumbai,Linux,Firefox,Token,18:00,02:00,"CRM,Customer Portal,Email"
Emp129,Billy Adams,Marketing,Hyderbad,Windows,Edge,Token,10:00,19:00,"Analytics,Campaign Dashboard,Email"
Emp130,Ryan Adkins,IT,Chennai,macos,Chrome,Biometric,08:00,17:00,"GitHub,Jira,Server"
Emp131,Laura Powell,IT,Mumbai,Linux,Edge,Biometric,09:00,18:00,"GitHub,Jira,Server"
Emp132,Kristin Edwards,HR,Delhi,Windows,Edge,Password,18:00,02:00,"Email,HR Portal,Payroll"
Emp133,Alexander Wilson,Marketing,Chennai,Linux,Edge,Biometric,10:00,19:00,"Analytics,Campaign Dashboard,Email"
Emp134,Tamara Cole,IT,Hyderbad,Windows,Chrome,Token,18:00,02:00,"GitHub,Jira,Server"
Emp135,Belinda Cabrera,Marketing,Mumbai,Windows,Edge,Token,10:00,19:00,"Analytics,Campaign Dashboard,Email"
Emp136,Nicole Sharp,Marketing,Mumbai,Linux,Firefox,Token,09:00,18:00,"Analytics,Campaign Dashboard,Email"
Emp137,Michelle Ellis,HR,Bangalore,macos,Edge,Biometric,18:00,02:00,"Email,HR Portal,Payroll"
Emp138,Tyler Shannon,HR,Chennai,Linux,Firefox,Password,10:00,19:00,"Email,HR Portal,Payroll"
Emp139,Terri Munoz,Sales,Bangalore,Linux,Chrome,Biometric,09:00,18:00,"CRM,Customer Portal,Email"
Emp140,Rhonda Moran DDS,IT,Hyderbad,macos,Chrome,Password,08:00,17:00,"GitHub,Jira,Server"
Emp141,Diane Jones,Marketing,Mumbai,Linux,Firefox,Token,09:00,18:00,"Analytics,Campaign Dashboard,Email"
Emp142,Angela Jones,Finance,Bangalore,Linux,Firefox,Token,18:00,02:00,"Accounting,Invoices,Payroll"
Emp143,Christine Banks,Marketing,Hyderbad,macos,Firefox,Biometric,08:00,17:00,"Analytics,Campaign Dashboard,Email"
Emp144,Brian Montes,Sales,Chennai,Linux,Firefox,Password,09:00,18:00,"CRM,Customer Portal,Email"
Emp145,Lynn Rodriguez,Marketing,Mumbai,Windows,Edge,Token,08:00,17:00,"Analytics,Campaign Dashboard,Email"
Emp146,Karen Duncan,Marketing,Hyderbad,macos,Chrome,Biometric,18:00,02:00,"Analytics,Campaign Dashboard,Email"
Emp147,Sarah Price,Finance,Bangalore,Linux,Firefox,Token,09:00,18:00,"Accounting,Invoices,Payroll"
Emp148,Brandon Figueroa,Finance,Chennai,macos,Chrome,Biometric,10:00,19:00,"Accounting,Invoices,Payroll"
Emp149,Richard Johnson,Finance,Hyderbad,Windows,Chrome,Password,18:00,02:00,"Accounting,Invoices,Payroll"
Emp150,Jeremy Chapman,HR,Mumbai,Windows,Edge,Biometric,10:00,19:00,"Email,HR Portal,Payroll"
Emp151,Jorge Smith,IT,Mumbai,macos,Chrome,Biometric,10:00,19:00,"GitHub,Jira,Server"
Emp152,Anne Carlson,HR,Hyderbad,Windows,Firefox,Token,10:00,19:00,"Email,HR Portal,Payroll"
Emp153,Bethany Patterson,IT,Delhi,Linux,Firefox,Password,18:00,02:00,"GitHub,Jira,Server"
Emp154,Andrew Davis,HR,Hyderbad,Linux,Chrome,Biometric,18:00,02:00,"Email,HR Portal,Payroll"
Emp155,Sophia Brown,Sales,Bangalore,macos,Chrome,Token,18:00,02:00,"CRM,Customer Portal,Email"
Emp156,Crystal Delgado,HR,Bangalore,Windows,Chrome,Token,18:00,02:00,"Email,HR Portal,Payroll"
Emp157,Brandon White,HR,Mumbai,Windows,Firefox,Password,09:00,18:00,"Email,HR Portal,Payroll"
Emp158,Miranda Hayes,Finance,Bangalore,Linux,Firefox,Token,10:00,19:00,"Accounting,Invoices,Payroll"
Emp159,Gregory Morris,Finance,Chennai,Linux,Edge,Password,08:00,17:00,"Accounting,Invoices,Payroll"
Emp160,Lori Serrano,IT,Delhi,Linux,Chrome,Token,09:00,18:00,"GitHub,Jira,Server"
Emp161,Natalie Li,IT,Delhi,macos,Firefox,Biometric,18:00,02:00,"GitHub,Jira,Server"
Emp162,Virginia Baird,Marketing,Bangalore,Windows,Chrome,Token,18:00,02:00,"Analytics,Campaign Dashboard,Email"
Emp163,Robert Tyler,Sales,Hyderbad,macos,Chrome,Token,10:00,19:00,"CRM,Customer Portal,Email"
Emp164,Marcus Nelson,IT,Bangalore,Windows,Firefox,Password,08:00,17:00,"GitHub,Jira,Server"
Emp165,Alexander Butler,HR,Hyderbad,macos,Chrome,Biometric,09:00,18:00,"Email,HR Portal,Payroll"
Emp166,Shelby Weber,IT,Chennai,Windows,Edge,Token,08:00,17:00,"GitHub,Jira,Server"
Emp167,Robert Beck,IT,Chennai,Linux,Chrome,Token,08:00,17:00,"GitHub,Jira,Server"
Emp168,Amanda Adams,IT,Mumbai,Windows,Firefox,Password,10:00,19:00,"GitHub,Jira,Server"
Emp169,Jennifer Cooley,Finance,Delhi,Windows,Chrome,Token,18:00,02:00,"Accounting,Invoices,Payroll"
Emp170,Elizabeth Bell,Sales,Hyderbad,macos,Chrome,Token,08:00,17:00,"CRM,Customer Portal,Email"
Emp171,Courtney King,Sales,Pune,Linux,Firefox,Password,10:00,19:00,"CRM,Customer Portal,Email"
Emp172,Nicole Burgess,Sales,Delhi,Windows,Edge,Token,18:00,02:00,"CRM,Customer Portal,Email"
Emp173,Amanda Benson,IT,Chennai,macos,Chrome,Password,08:00,17:00,"GitHub,Jira,Server"
Emp174,Samantha Bruce,IT,Bangalore,Windows,Edge,Token,10:00,19:00,"GitHub,Jira,Server"
Emp175,Melissa Kennedy,Marketing,Mumbai,macos,Chrome,Token,10:00,19:00,"Analytics,Campaign Dashboard,Email"
Emp176,Scott Fleming,Sales,Delhi,Linux,Firefox,Password,10:00,19:00,"CRM,Customer Portal,Email"
Emp177,Catherine Vargas,Marketing,Delhi,Linux,Edge,Biometric,09:00,18:00,"Analytics,Campaign Dashboard,Email"
Emp178,Jason Fisher,Marketing,Mumbai,Windows,Chrome,Token,09:00,18:00,"Analytics,Campaign Dashboard,Email"
Emp179,Allen Bailey,Sales,Bangalore,Windows,Chrome,Biometric,18:00,02:00,"CRM,Customer Portal,Email"
Emp180,Juan White,Finance,Bangalore,Windows,Chrome,Biometric,18:00,02:00,"Accounting,Invoices,Payroll"
Emp181,James Garcia,Marketing,Mumbai,Windows,Firefox,Token,08:00,17:00,"Analytics,Campaign Dashboard,Email"
Emp182,David Bauer,Marketing,Pune,macos,Edge,Password,10:00,19:00,"Analytics,Campaign Dashboard,Email"
Emp183,Michael Norris,Marketing,Delhi,Windows,Edge,Biometric,10:00,19:00,"Analytics,Campaign Dashboard,Email"
Emp184,Abigail Green,IT,Chennai,macos,Firefox,Token,10:00,19:00,"GitHub,Jira,Server"
Emp185,Anthony Shea,IT,Pune,Linux,Chrome,Password,18:00,02:00,"GitHub,Jira,Server"
Emp186,Kevin Greene,Marketing,Mumbai,macos,Firefox,Biometric,08:00,17:00,"Analytics,Campaign Dashboard,Email"
Emp187,Brandy Wilson,HR,Pune,Windows,Chrome,Biometric,18:00,02:00,"Email,HR Portal,Payroll"
Emp188,Curtis Rivera,IT,Chennai,macos,Chrome,Password,18:00,02:00,"GitHub,Jira,Server"
Emp189,Paul Baker,Marketing,Hyderbad,macos,Chrome,Password,08:00,17:00,"Analytics,Campaign Dashboard,Email"
Emp190,Michael Johnson,Marketing,Delhi,Linux,Edge,Password,09:00,18:00,"Analytics,Campaign Dashboard,Email"
Emp191,Shane Nelson MD,Marketing,Bangalore,Linux,Firefox,Token,08:00,17:00,"Analytics,Campaign Dashboard,Email"
Emp192,Alicia Sullivan,Sales,Pune,Windows,Chrome,Biometric,10:00,19:00,"CRM,Customer Portal,Email"
Emp193,James Porter,Marketing,Pune,macos,Chrome,Password,08:00,17:00,"Analytics,Campaign Dashboard,Email"
Emp194,Robin Blanchard,Marketing,Hyderbad,Windows,Edge,Password,10:00,19:00,"Analytics,Campaign Dashboard,Email"
Emp195,Steven Vaughn,Finance,Bangalore,Linux,Edge,Biometric,08:00,17:00,"Accounting,Invoices,Payroll"
Emp196,Erin Rush DDS,HR,Chennai,Linux,Firefox,Biometric,08:00,17:00,"Email,HR Portal,Payroll"
Emp197,Andrew Howard,HR,Bangalore,Linux,Edge,Token,08:00,17:00,"Email,HR Portal,Payroll"
Emp198,Matthew Flores,IT,Delhi,Linux,Chrome,Token,10:00,19:00,"GitHub,Jira,Server"
Emp199,Christian Barnett,Finance,Pune,macos,Chrome,Biometric,08:00,17:00,"Accounting,Invoices,Payroll"
Emp200,Gregg Martinez,Marketing,Bangalore,macos,Chrome,Password,08:00,17:00,"Analytics,Campaign Dashboard,Email"
Emp201,Cindy Vargas,HR,Pune,Linux,Firefox,Password,18:00,02:00,"Email,HR Portal,Payroll"
Emp202,Kristine Johnson,Sales,Hyderbad,Windows,Firefox,Token,10:00,19:00,"CRM,Customer Portal,Email"
Emp203,Matthew Conway,Marketing,Mumbai,Linux,Chrome,Biometric,10:00,19:00,"Analytics,Campaign Dashboard,Email"
Emp204,Clinton Wilkerson,IT,Hyderbad,Linux,Chrome,Biometric,10:00,19:00,"GitHub,Jira,Server"
Emp205,Mark Clark,Finance,Hyderbad,Linux,Firefox,Password,08:00,17:00,"Accounting,Invoices,Payroll"
Emp206,Adam Bennett,Finance,Pune,Windows,Chrome,Password,18:00,02:00,"Accounting,Invoices,Payroll"
Emp207,Ashley Pineda,Sales,Delhi,macos,Chrome,Password,18:00,02:00,"CRM,Customer Portal,Email"
Emp208,Victor Ward,Finance,Bangalore,Linux,Chrome,Password,10:00,19:00,"Accounting,Invoices,Payroll"
Emp209,Rick Cook,Sales,Bangalore,Linux,Firefox,Biometric,18:00,02:00,"CRM,Customer Portal,Email"
Emp210,Cole Thornton,Sales,Pune,Linux,Firefox,Biometric,18:00,02:00,"CRM,Customer Portal,Email"
Emp211,Crystal Evans,HR,Hyderbad,macos,Firefox,Password,18:00,02:00,"Email,HR Portal,Payroll"
Emp212,Deborah Beltran,IT,Bangalore,macos,Chrome,Biometric,08:00,17:00,"GitHub,Jira,Server"
Emp213,Cindy Wade,HR,Mumbai,macos,Chrome,Token,10:00,19:00,"Email,HR Portal,Payroll"
Emp214,Monica Norris,Marketing,Chennai,Linux,Chrome,Password,08:00,17:00,"Analytics,Campaign Dashboard,Email"
Emp215,Morgan Floyd,Finance,Bangalore,Windows,Firefox,Biometric,08:00,17:00,"Accounting,Invoices,Payroll"
Emp216,Nancy Harding,IT,Mumbai,macos,Firefox,Token,09:00,18:00,"GitHub,Jira,Server"
Emp217,Deborah Rodriguez,Sales,Mumbai,macos,Edge,Biometric,18:00,02:00,"CRM,Customer Portal,Email"
Emp218,Rebecca Preston,HR,Mumbai,Windows,Chrome,Password,10:00,19:00,"Email,HR Portal,Payroll"
Emp219,Amanda Hall,IT,Mumbai,macos,Firefox,Biometric,08:00,17:00,"GitHub,Jira,Server"
Emp220,Scott Allen MD,Sales,Chennai,Linux,Edge,Biometric,08:00,17:00,"CRM,Customer Portal,Email"
Emp221,Jennifer Welch,HR,Mumbai,macos,Edge,Biometric,10:00,19:00,"Email,HR Portal,Payroll"
Emp222,Jennifer Brown,Marketing,Hyderbad,Linux,Chrome,Token,18:00,02:00,"Analytics,Campaign Dashboard,Email"
Emp223,Erica Carr,HR,Chennai,Windows,Edge,Password,10:00,19:00,"Email,HR Portal,Payroll"
Emp224,Gregory Parker,Sales,Mumbai,Windows,Edge,Biometric,18:00,02:00,"CRM,Customer Portal,Email"
Emp225,Kimberly Bartlett,Marketing,Hyderbad,Linux,Chrome,Password,18:00,02:00,"Analytics,Campaign Dashboard,Email"
Emp226,Chelsey Elliott,HR,Hyderbad,Linux,Chrome,Password,18:00,02:00,"Email,HR Portal,Payroll"
Emp227,Jennifer Perez,IT,Chennai,Windows,Edge,Password,08:00,17:00,"GitHub,Jira,Server"
Emp228,Joshua Adams,Sales,Mumbai,Linux,Edge,Biometric,10:00,19:00,"CRM,Customer Portal,Email"
Emp229,Cassandra Jones,Finance,Delhi,Windows,Firefox,Token,09:00,18:00,"Accounting,Invoices,Payroll"
Emp230,David Moore,HR,Chennai,Linux,Chrome,Token,18:00,02:00,"Email,HR Portal,Payroll"
Emp231,Austin Gibson,Finance,Delhi,Linux,Edge,Biometric,18:00,02:00,"Accounting,Invoices,Payroll"
Emp232,Zachary Williams,Finance,Hyderbad,macos,Edge,Password,18:00,02:00,"Accounting,Invoices,Payroll"
Emp233,Jillian Maynard,Sales,Bangalore,Windows,Firefox,Biometric,09:00,18:00,"CRM,Customer Portal,Email"
Emp234,Jesse Watson,Marketing,Pune,Linux,Chrome,Biometric,10:00,19:00,"Analytics,Campaign Dashboard,Email"
Emp235,Thomas Wheeler,IT,Hyderbad,Linux,Chrome,Biometric,10:00,19:00,"GitHub,Jira,Server"
Emp236,Christine Rodriguez,Finance,Delhi,macos,Chrome,Token,18:00,02:00,"Accounting,Invoices,Payroll"
Emp237,Margaret Garcia,Sales,Chennai,Linux,Edge,Token,18:00,02:00,"CRM,Customer Portal,Email"
Emp238,Debra Perez,Sales,Mumbai,macos,Edge,Token,09:00,18:00,"CRM,Customer Portal,Email"
Emp239,Ashley Day,Marketing,Chennai,macos,Firefox,Password,08:00,17:00,"Analytics,Campaign Dashboard,Email"
Emp240,Shannon Martin,IT,Chennai,Windows,Chrome,Token,09:00,18:00,"GitHub,Jira,Server"
Emp241,Kimberly Kennedy,Finance,Pune,Windows,Edge,Password,18:00,02:00,"Accounting,Invoices,Payroll"
Emp242,Maria Anderson,IT,Bangalore,Linux,Firefox,Password,08:00,17:00,"GitHub,Jira,Server"
Emp243,Kevin Peterson,Sales,Mumbai,Linux,Edge,Biometric,08:00,17:00,"CRM,Customer Portal,Email"
Emp244,David Nichols,HR,Pune,Linux,Firefox,Biometric,10:00,19:00,"Email,HR Portal,Payroll"
Emp245,Lindsey Anderson,Finance,Pune,macos,Firefox,Token,18:00,02:00,"Accounting,Invoices,Payroll"
Emp246,Sean Diaz,HR,Mumbai,macos,Chrome,Token,08:00,17:00,"Email,HR Portal,Payroll"
Emp247,Wesley Mills,Marketing,Hyderbad,Windows,Firefox,Password,18:00,02:00,"Analytics,Campaign Dashboard,Email"
Emp248,Arthur Ortiz,HR,Pune,Linux,Edge,Password,10:00,19:00,"Email,HR Portal,Payroll"
Emp249,Adam Miles,Sales,Delhi,Linux,Chrome,Password,09:00,18:00,"CRM,Customer Portal,Email"
Emp250,John Hicks,Sales,Hyderbad,Windows,Chrome,Token,18:00,02:00,"CRM,Customer Portal,Email"
Emp251,Melanie Fernandez,Sales,Pune,Linux,Firefox,Password,08:00,17:00,"CRM,Customer Portal,Email"
Emp252,Erica Hawkins,Marketing,Bangalore,Linux,Edge,Biometric,10:00,19:00,"Analytics,Campaign Dashboard,Email"
Emp253,Robert Robinson,Finance,Pune,Linux,Firefox,Biometric,18:00,02:00,"Accounting,Invoices,Payroll"
Emp254,Monica Brown,Sales,Delhi,Windows,Firefox,Token,10:00,19:00,"CRM,Customer Portal,Email"
Emp255,Harold Smith,Marketing,Mumbai,macos,Firefox,Biometric,10:00,19:00,"Analytics,Campaign Dashboard,Email"
Emp256,Christopher Dixon,IT,Hyderbad,Linux,Chrome,Token,10:00,19:00,"GitHub,Jira,Server"
Emp257,Michael Greene,Marketing,Pune,Linux,Firefox,Password,10:00,19:00,"Analytics,Campaign Dashboard,Email"
Emp258,Samantha Blevins,Finance,Pune,Linux,Chrome,Biometric,10:00,19:00,"Accounting,Invoices,Payroll"
Emp259,Cory Adkins,IT,Hyderbad,Linux,Chrome,Password,09:00,18:00,"GitHub,Jira,Server"
Emp260,Danielle Miranda,Finance,Bangalore,macos,Edge,Password,08:00,17:00,"Accounting,Invoices,Payroll"
Emp261,Samantha Bowman,IT,Hyderbad,macos,Edge,Biometric,10:00,19:00,"GitHub,Jira,Server"
Emp262,Linda Gardner,HR,Mumbai,macos,Edge,Biometric,18:00,02:00,"Email,HR Portal,Payroll"
Emp263,Fernando Stewart,HR,Pune,Linux,Chrome,Token,08:00,17:00,"Email,HR Portal,Payroll"
Emp264,Joseph Miller,Sales,Delhi,macos,Firefox,Password,09:00,18:00,"CRM,Customer Portal,Email"
Emp265,Jeanette Johnson,IT,Pune,Windows,Chrome,Token,10:00,19:00,"GitHub,Jira,Server"
Emp266,Christina Neal,Finance,Bangalore,Windows,Edge,Biometric,10:00,19:00,"Accounting,Invoices,Payroll"
Emp267,Gregory Pierce,Sales,Chennai,Windows,Firefox,Token,08:00,17:00,"CRM,Customer Portal,Email"
Emp268,Jill Morgan,Finance,Delhi,macos,Edge,Token,10:00,19:00,"Accounting,Invoices,Payroll"
Emp269,Jennifer Jones,Sales,Pune,Linux,Chrome,Password,09:00,18:00,"CRM,Customer Portal,Email"
Emp270,Lisa Henry,Marketing,Mumbai,macos,Edge,Biometric,10:00,19:00,"Analytics,Campaign Dashboard,Email"
Emp271,Rachel Hudson,HR,Bangalore,macos,Firefox,Biometric,08:00,17:00,"Email,HR Portal,Payroll"
Emp272,Frederick Christensen,Finance,Pune,Windows,Firefox,Biometric,10:00,19:00,"Accounting,Invoices,Payroll"
Emp273,Lindsay Cox,IT,Bangalore,Windows,Firefox,Biometric,10:00,19:00,"GitHub,Jira,Server"
Emp274,Keith Ross,HR,Pune,Linux,Edge,Token,10:00,19:00,"Email,HR Portal,Payroll"
Emp275,Mary Harris,HR,Chennai,Windows,Firefox,Password,18:00,02:00,"Email,HR Portal,Payroll"
Emp276,Kent Garcia,Sales,Hyderbad,macos,Firefox,Biometric,08:00,17:00,"CRM,Customer Portal,Email"
Emp277,Alvin Shelton,HR,Delhi,Linux,Edge,Password,18:00,02:00,"Email,HR Portal,Payroll"
Emp278,Timothy Evans,IT,Mumbai,macos,Edge,Password,10:00,19:00,"GitHub,Jira,Server"
Emp279,Krista Nelson,HR,Chennai,Windows,Firefox,Token,08:00,17:00,"Email,HR Portal,Payroll"
Emp280,Lisa Mitchell,HR,Mumbai,Windows,Firefox,Biometric,09:00,18:00,"Email,HR Portal,Payroll"
Emp281,Eric Park,HR,Pune,Linux,Chrome,Password,08:00,17:00,"Email,HR Portal,Payroll"
Emp282,Krystal Livingston,Finance,Mumbai,macos,Firefox,Password,08:00,17:00,"Accounting,Invoices,Payroll"
Emp283,Jennifer Davis,Sales,Mumbai,Linux,Chrome,Biometric,08:00,17:00,"CRM,Customer Portal,Email"
Emp284,Jason Brady,Finance,Mumbai,Linux,Edge,Password,09:00,18:00,"Accounting,Invoices,Payroll"
Emp285,Wendy Cohen,HR,Chennai,macos,Edge,Biometric,09:00,18:00,"Email,HR Portal,Payroll"
Emp286,Keith Lee,Finance,Bangalore,Linux,Edge,Token,08:00,17:00,"Accounting,Invoices,Payroll"
Emp287,Jessica Stevens,IT,Pune,macos,Chrome,Password,18:00,02:00,"GitHub,Jira,Server"
Emp288,Natasha Mccall,Finance,Mumbai,Linux,Chrome,Biometric,18:00,02:00,"Accounting,Invoices,Payroll"
Emp289,Heather Francis,Sales,Delhi,macos,Edge,Token,09:00,18:00,"CRM,Customer Portal,Email"
Emp290,Regina Hogan,Finance,Mumbai,Linux,Firefox,Token,09:00,18:00,"Accounting,Invoices,Payroll"
Emp291,Jane Henson,HR,Chennai,Linux,Firefox,Token,18:00,02:00,"Email,HR Portal,Payroll"
Emp292,Seth Gamble,Marketing,Hyderbad,Windows,Chrome,Token,18:00,02:00,"Analytics,Campaign Dashboard,Email"
Emp293,David Pearson DDS,Marketing,Pune,Linux,Edge,Password,08:00,17:00,"Analytics,Campaign Dashboard,Email"
Emp294,Matthew George,HR,Delhi,macos,Chrome,Token,10:00,19:00,"Email,HR Portal,Payroll"
Emp295,Samuel Black,Marketing,Chennai,Windows,Firefox,Biometric,18:00,02:00,"Analytics,Campaign Dashboard,Email"
Emp296,Keith Gross,HR,Chennai,Linux,Chrome,Biometric,18:00,02:00,"Email,HR Portal,Payroll"
Emp297,Dr. Richard Patton MD,HR,Hyderbad,macos,Chrome,Biometric,18:00,02:00,"Email,HR Portal,Payroll"
Emp298,David Howell,Finance,Hyderbad,macos,Edge,Password,08:00,17:00,"Accounting,Invoices,Payroll"
Emp299,Rachel Brown,HR,Chennai,macos,Edge,Token,09:00,18:00,"Email,HR Portal,Payroll"
Emp300,Stacey Henderson,Sales,Hyderbad,macos,Firefox,Token,18:00,02:00,"CRM,Customer Portal,Email"
Emp301,Louis Odonnell,HR,Pune,Linux,Edge,Biometric,08:00,17:00,"Email,HR Portal,Payroll"
Emp302,Chelsea Lopez MD,IT,Delhi,Windows,Chrome,Biometric,18:00,02:00,"GitHub,Jira,Server"
Emp303,Michelle Ramsey,Sales,Mumbai,Windows,Chrome,Biometric,09:00,18:00,"CRM,Customer Portal,Email"
Emp304,Rose Gomez,Sales,Chennai,macos,Edge,Password,18:00,02:00,"CRM,Customer Portal,Email"
Emp305,Joshua Strong,IT,Pune,Linux,Firefox,Password,08:00,17:00,"GitHub,Jira,Server"
Emp306,Spencer Zimmerman,Marketing,Mumbai,Windows,Edge,Token,18:00,02:00,"Analytics,Campaign Dashboard,Email"
Emp307,Diane Howard MD,Sales,Chennai,Linux,Firefox,Password,10:00,19:00,"CRM,Customer Portal,Email"
Emp308,Nathan Hart,Sales,Hyderbad,Linux,Chrome,Biometric,18:00,02:00,"CRM,Customer Portal,Email"
Emp309,Christopher Long,HR,Hyderbad,Linux,Edge,Biometric,18:00,02:00,"Email,HR Portal,Payroll"
Emp310,William Martin,IT,Hyderbad,macos,Chrome,Password,10:00,19:00,"GitHub,Jira,Server"
Emp311,Brian Taylor,HR,Hyderbad,macos,Chrome,Password,18:00,02:00,"Email,HR Portal,Payroll"
Emp312,Michelle Cruz,Marketing,Pune,Linux,Edge,Token,18:00,02:00,"Analytics,Campaign Dashboard,Email"
Emp313,Richard Porter,HR,Chennai,Windows,Chrome,Password,09:00,18:00,"Email,HR Portal,Payroll"
Emp314,Sara Lewis,Sales,Chennai,Windows,Firefox,Biometric,10:00,19:00,"CRM,Customer Portal,Email"
Emp315,Kendra Price,IT,Bangalore,macos,Edge,Token,09:00,18:00,"GitHub,Jira,Server"
Emp316,Eric Lopez,HR,Bangalore,Linux,Firefox,Biometric,09:00,18:00,"Email,HR Portal,Payroll"
Emp317,Patrick Gallagher,Sales,Bangalore,Linux,Firefox,Password,08:00,17:00,"CRM,Customer Portal,Email"
Emp318,Lindsey Brock,HR,Chennai,Linux,Firefox,Token,08:00,17:00,"Email,HR Portal,Payroll"
Emp319,Michael Buchanan,HR,Chennai,macos,Edge,Token,08:00,17:00,"Email,HR Portal,Payroll"
Emp320,Elizabeth Shaffer,Marketing,Mumbai,Windows,Firefox,Password,08:00,17:00,"Analytics,Campaign Dashboard,Email"
Emp321,Steven Mueller,Sales,Mumbai,Linux,Firefox,Token,18:00,02:00,"CRM,Customer Portal,Email"
Emp322,Darren Davis,HR,Chennai,Linux,Firefox,Biometric,18:00,02:00,"Email,HR Portal,Payroll"
Emp323,Brittany Brown,HR,Mumbai,Linux,Firefox,Password,09:00,18:00,"Email,HR Portal,Payroll"
Emp324,Mary Jones,HR,Delhi,Windows,Edge,Password,18:00,02:00,"Email,HR Portal,Payroll"
Emp325,Daniel Clark,IT,Mumbai,macos,Firefox,Password,09:00,18:00,"GitHub,Jira,Server"
Emp326,Cheryl Morgan,IT,Pune,macos,Edge,Biometric,18:00,02:00,"GitHub,Jira,Server"
Emp327,Jessica Kennedy,Finance,Hyderbad,macos,Firefox,Biometric,10:00,19:00,"Accounting,Invoices,Payroll"
Emp328,Brooke Townsend,HR,Mumbai,Windows,Firefox,Password,09:00,18:00,"Email,HR Portal,Payroll"
Emp329,Robert Alvarez,HR,Hyderbad,Windows,Edge,Token,08:00,17:00,"Email,HR Portal,Payroll"
Emp330,Jamie Jones,HR,Hyderbad,Linux,Firefox,Password,08:00,17:00,"Email,HR Portal,Payroll"
Emp331,Jon Church,IT,Pune,Linux,Edge,Password,09:00,18:00,"GitHub,Jira,Server"
Emp332,Monica Vasquez,HR,Delhi,Linux,Edge,Password,09:00,18:00,"Email,HR Portal,Payroll"
Emp333,John Rivera,IT,Chennai,macos,Chrome,Biometric,10:00,19:00,"GitHub,Jira,Server"
Emp334,Jessica Young,IT,Chennai,Windows,Firefox,Biometric,08:00,17:00,"GitHub,Jira,Server"
Emp335,Michael Lewis,Sales,Chennai,macos,Chrome,Token,08:00,17:00,"CRM,Customer Portal,Email"
Emp336,John Bond,Sales,Mumbai,Windows,Chrome,Password,10:00,19:00,"CRM,Customer Portal,Email"
Emp337,Eddie Leach Jr.,IT,Chennai,macos,Edge,Biometric,08:00,17:00,"GitHub,Jira,Server"
Emp338,Jamie Miller,IT,Mumbai,Linux,Edge,Token,10:00,19:00,"GitHub,Jira,Server"
Emp339,Amy Warner,HR,Pune,Linux,Chrome,Token,08:00,17:00,"Email,HR Portal,Payroll"
Emp340,Rachel James,HR,Hyderbad,macos,Edge,Token,18:00,02:00,"Email,HR Portal,Payroll"
Emp341,Melissa Larson,Finance,Chennai,Linux,Chrome,Token,08:00,17:00,"Accounting,Invoices,Payroll"
Emp342,Robert Reed,Sales,Bangalore,Linux,Chrome,Password,08:00,17:00,"CRM,Customer Portal,Email"
Emp343,Michael Douglas,HR,Bangalore,Linux,Edge,Password,09:00,18:00,"Email,HR Portal,Payroll"
Emp344,John Lawrence,Finance,Chennai,Linux,Chrome,Password,10:00,19:00,"Accounting,Invoices,Payroll"
Emp345,Amber Perez,IT,Hyderbad,macos,Edge,Password,09:00,18:00,"GitHub,Jira,Server"
Emp346,Amy Wu,IT,Hyderbad,Windows,Chrome,Password,08:00,17:00,"GitHub,Jira,Server"
Emp347,Michelle Edwards,IT,Pune,macos,Chrome,Token,10:00,19:00,"GitHub,Jira,Server"
Emp348,David Yoder MD,HR,Mumbai,Linux,Firefox,Biometric,08:00,17:00,"Email,HR Portal,Payroll"
Emp349,Jeremy Newton,HR,Pune,Linux,Edge,Biometric,10:00,19:00,"Email,HR Portal,Payroll"
Emp350,Matthew Adams,Finance,Pune,Windows,Chrome,Password,10:00,19:00,"Accounting,Invoices,Payroll"
Emp351,Rhonda Martin,HR,Bangalore,macos,Chrome,Biometric,09:00,18:00,"Email,HR Portal,Payroll"
Emp352,Justin Jackson,Marketing,Hyderbad,macos,Edge,Token,08:00,17:00,"Analytics,Campaign Dashboard,Email"
Emp353,Tiffany Thompson,Finance,Delhi,Linux,Chrome,Biometric,10:00,19:00,"Accounting,Invoices,Payroll"
Emp354,Victor Lewis,Finance,Pune,Windows,Firefox,Password,10:00,19:00,"Accounting,Invoices,Payroll"
Emp355,Janet Nelson,Sales,Chennai,macos,Edge,Password,08:00,17:00,"CRM,Customer Portal,Email"
Emp356,Johnny Beltran,Sales,Chennai,macos,Edge,Password,08:00,17:00,"CRM,Customer Portal,Email"
Emp357,Kevin Dennis,HR,Chennai,Linux,Chrome,Token,09:00,18:00,"Email,HR Portal,Payroll"
Emp358,Kathryn Holder,Finance,Mumbai,Windows,Edge,Token,08:00,17:00,"Accounting,Invoices,Payroll"
Emp359,Raymond Kirk,IT,Chennai,macos,Edge,Token,18:00,02:00,"GitHub,Jira,Server"
Emp360,Kevin Solomon,IT,Bangalore,Windows,Chrome,Token,09:00,18:00,"GitHub,Jira,Server"
Emp361,Kimberly Martin,Finance,Hyderbad,macos,Chrome,Biometric,08:00,17:00,"Accounting,Invoices,Payroll"
Emp362,Emily Miller,Marketing,Mumbai,Linux,Chrome,Password,10:00,19:00,"Analytics,Campaign Dashboard,Email"
Emp363,Daniel Rodriguez,HR,Mumbai,Linux,Edge,Token,18:00,02:00,"Email,HR Portal,Payroll"
Emp364,Ruth Barajas,Sales,Pune,Windows,Firefox,Password,09:00,18:00,"CRM,Customer Portal,Email"
Emp365,Brianna Marks,IT,Pune,macos,Chrome,Token,09:00,18:00,"GitHub,Jira,Server"
Emp366,Jonathan Ross,Sales,Bangalore,macos,Chrome,Biometric,18:00,02:00,"CRM,Customer Portal,Email"
Emp367,Ms. Amanda Powers,Sales,Delhi,macos,Chrome,Password,09:00,18:00,"CRM,Customer Portal,Email"
Emp368,John Thomas,Finance,Mumbai,Windows,Chrome,Biometric,09:00,18:00,"Accounting,Invoices,Payroll"
Emp369,Kristin Wright,HR,Chennai,Linux,Firefox,Password,08:00,17:00,"Email,HR Portal,Payroll"
Emp370,Jessica Turner,HR,Bangalore,Windows,Edge,Biometric,18:00,02:00,"Email,HR Portal,Payroll"
Emp371,Jennifer Hickman,Sales,Pune,Linux,Chrome,Password,10:00,19:00,"CRM,Customer Portal,Email"
Emp372,Michael Taylor,Finance,Bangalore,Windows,Edge,Token,09:00,18:00,"Accounting,Invoices,Payroll"
Emp373,Tony Stone,Finance,Chennai,macos,Chrome,Token,09:00,18:00,"Accounting,Invoices,Payroll"
Emp374,Kara White,HR,Mumbai,Linux,Chrome,Biometric,09:00,18:00,"Email,HR Portal,Payroll"
Emp375,Melissa Johnson,IT,Hyderbad,Windows,Edge,Token,18:00,02:00,"GitHub,Jira,Server"
Emp376,Sarah Williams,Marketing,Hyderbad,Windows,Firefox,Biometric,18:00,02:00,"Analytics,Campaign Dashboard,Email"
Emp377,Andrew Perez,Finance,Delhi,Linux,Edge,Token,10:00,19:00,"Accounting,Invoices,Payroll"
Emp378,Courtney Lara,Finance,Pune,Windows,Firefox,Biometric,10:00,19:00,"Accounting,Invoices,Payroll"
Emp379,Paige Cantrell,HR,Hyderbad,macos,Chrome,Token,10:00,19:00,"Email,HR Portal,Payroll"
Emp380,Darren Mitchell,Sales,Delhi,macos,Chrome,Biometric,08:00,17:00,"CRM,Customer Portal,Email"
Emp381,Carol Perez,Marketing,Bangalore,Linux,Edge,Password,10:00,19:00,"Analytics,Campaign Dashboard,Email"
Emp382,Mr. Benjamin Frank,Sales,Chennai,macos,Firefox,Biometric,09:00,18:00,"CRM,Customer Portal,Email"
Emp383,Joseph Lane,IT,Hyderbad,macos,Edge,Token,08:00,17:00,"GitHub,Jira,Server"
Emp384,Haley Porter,Finance,Pune,Linux,Firefox,Token,09:00,18:00,"Accounting,Invoices,Payroll"
Emp385,Michael Meza,Finance,Pune,Linux,Chrome,Biometric,08:00,17:00,"Accounting,Invoices,Payroll"
Emp386,Madison Davis,Marketing,Bangalore,macos,Chrome,Token,09:00,18:00,"Analytics,Campaign Dashboard,Email"
Emp387,Michelle Mills,Finance,Bangalore,Windows,Chrome,Biometric,10:00,19:00,"Accounting,Invoices,Payroll"
Emp388,Brian Lopez,Marketing,Pune,macos,Chrome,Token,10:00,19:00,"Analytics,Campaign Dashboard,Email"
Emp389,Christina Moreno,HR,Delhi,macos,Firefox,Token,08:00,17:00,"Email,HR Portal,Payroll"
Emp390,Casey Fernandez,Finance,Mumbai,macos,Edge,Biometric,08:00,17:00,"Accounting,Invoices,Payroll"
Emp391,Sara Rosario,Marketing,Mumbai,macos,Edge,Password,18:00,02:00,"Analytics,Campaign Dashboard,Email"
Emp392,Rebekah Hansen,HR,Delhi,macos,Chrome,Biometric,08:00,17:00,"Email,HR Portal,Payroll"
Emp393,Rose Garcia,Finance,Pune,macos,Firefox,Token,10:00,19:00,"Accounting,Invoices,Payroll"
Emp394,Connie Martinez,IT,Delhi,Linux,Chrome,Password,10:00,19:00,"GitHub,Jira,Server"
Emp395,Juan Brown MD,Finance,Mumbai,macos,Firefox,Password,18:00,02:00,"Accounting,Invoices,Payroll"
Emp396,Anthony Hanna,Finance,Mumbai,macos,Firefox,Biometric,18:00,02:00,"Accounting,Invoices,Payroll"
Emp397,Mary Jefferson,Marketing,Hyderbad,macos,Chrome,Token,09:00,18:00,"Analytics,Campaign Dashboard,Email"
Emp398,Christina Bird,HR,Delhi,macos,Firefox,Token,18:00,02:00,"Email,HR Portal,Payroll"
Emp399,Mr. Jeff Hayes,Finance,Chennai,macos,Chrome,Biometric,10:00,19:00,"Accounting,Invoices,Payroll"
Emp400,Ms. Wanda Lucas DDS,HR,Pune,Windows,Chrome,Token,18:00,02:00,"Email,HR Portal,Payroll"
Emp401,Timothy Pratt,Finance,Chennai,Linux,Firefox,Biometric,08:00,17:00,"Accounting,Invoices,Payroll"
Emp402,Robin Hernandez,HR,Delhi,Linux,Chrome,Token,08:00,17:00,"Email,HR Portal,Payroll"
Emp403,David Perez,Marketing,Mumbai,Windows,Firefox,Token,09:00,18:00,"Analytics,Campaign Dashboard,Email"
Emp404,Michael Diaz,IT,Hyderbad,Linux,Firefox,Password,10:00,19:00,"GitHub,Jira,Server"
Emp405,Chris Houston,IT,Mumbai,Windows,Edge,Biometric,08:00,17:00,"GitHub,Jira,Server"
Emp406,Wesley Reed,Marketing,Chennai,macos,Chrome,Token,08:00,17:00,"Analytics,Campaign Dashboard,Email"
Emp407,David Archer,Finance,Chennai,Windows,Firefox,Token,10:00,19:00,"Accounting,Invoices,Payroll"
Emp408,Andrea Mathews,Finance,Mumbai,Linux,Chrome,Password,10:00,19:00,"Accounting,Invoices,Payroll"
Emp409,Brittany Patel,HR,Mumbai,Windows,Chrome,Biometric,09:00,18:00,"Email,HR Portal,Payroll"
Emp410,Mary Larson,Finance,Bangalore,Linux,Edge,Token,10:00,19:00,"Accounting,Invoices,Payroll"
Emp411,Noah Allison,Sales,Mumbai,Linux,Firefox,Password,18:00,02:00,"CRM,Customer Portal,Email"
Emp412,Richard Shaw,HR,Hyderbad,Windows,Chrome,Token,09:00,18:00,"Email,HR Portal,Payroll"
Emp413,Kelly Dudley,Sales,Delhi,Windows,Chrome,Password,08:00,17:00,"CRM,Customer Portal,Email"
Emp414,Elizabeth Murray,HR,Hyderbad,Linux,Firefox,Password,09:00,18:00,"Email,HR Portal,Payroll"
Emp415,Robert French,Marketing,Bangalore,Windows,Edge,Token,08:00,17:00,"Analytics,Campaign Dashboard,Email"
Emp416,Jose Stokes,Finance,Mumbai,macos,Edge,Biometric,18:00,02:00,"Accounting,Invoices,Payroll"
Emp417,Andres Cross,IT,Delhi,macos,Firefox,Token,09:00,18:00,"GitHub,Jira,Server"
Emp418,Devon Gonzalez,Marketing,Hyderbad,Linux,Chrome,Password,18:00,02:00,"Analytics,Campaign Dashboard,Email"
Emp419,Kelsey Wheeler,Finance,Mumbai,Linux,Firefox,Token,09:00,18:00,"Accounting,Invoices,Payroll"
Emp420,Courtney Rodriguez,Sales,Bangalore,macos,Chrome,Token,09:00,18:00,"CRM,Customer Portal,Email"
Emp421,Terri Leach,IT,Delhi,Linux,Firefox,Token,08:00,17:00,"GitHub,Jira,Server"
Emp422,Curtis Reynolds,Sales,Delhi,Windows,Firefox,Token,10:00,19:00,"CRM,Customer Portal,Email"
Emp423,Christy Cohen,IT,Hyderbad,Linux,Edge,Biometric,08:00,17:00,"GitHub,Jira,Server"
Emp424,Kimberly Gilbert,Finance,Delhi,macos,Edge,Biometric,08:00,17:00,"Accounting,Invoices,Payroll"
Emp425,Andrew Ray,IT,Bangalore,macos,Edge,Password,10:00,19:00,"GitHub,Jira,Server"
Emp426,Donald Rocha,Sales,Hyderbad,Linux,Chrome,Biometric,09:00,18:00,"CRM,Customer Portal,Email"
Emp427,Joseph Williams,Finance,Bangalore,Linux,Chrome,Password,10:00,19:00,"Accounting,Invoices,Payroll"
Emp428,Rachel Carter,Marketing,Chennai,Linux,Edge,Token,08:00,17:00,"Analytics,Campaign Dashboard,Email"
Emp429,Pamela Lewis,Finance,Pune,Linux,Edge,Password,08:00,17:00,"Accounting,Invoices,Payroll"
Emp430,Taylor Valdez,Finance,Pune,Windows,Firefox,Biometric,08:00,17:00,"Accounting,Invoices,Payroll"
Emp431,Julia Haynes,IT,Mumbai,macos,Firefox,Biometric,10:00,19:00,"GitHub,Jira,Server"
Emp432,Eric Hurley,HR,Pune,macos,Firefox,Password,10:00,19:00,"Email,HR Portal,Payroll"
Emp433,Krystal Knox,Finance,Hyderbad,Linux,Chrome,Biometric,08:00,17:00,"Accounting,Invoices,Payroll"
Emp434,Kristina Giles,IT,Hyderbad,Windows,Firefox,Password,10:00,19:00,"GitHub,Jira,Server"
Emp435,Kelly Gray,Marketing,Bangalore,Linux,Edge,Biometric,18:00,02:00,"Analytics,Campaign Dashboard,Email"
Emp436,Anthony Chandler,IT,Pune,Linux,Chrome,Biometric,09:00,18:00,"GitHub,Jira,Server"
Emp437,Stephanie Jackson,IT,Pune,Linux,Chrome,Password,08:00,17:00,"GitHub,Jira,Server"
Emp438,Matthew Harrison,Marketing,Chennai,macos,Chrome,Biometric,08:00,17:00,"Analytics,Campaign Dashboard,Email"
Emp439,Kenneth Oliver,Finance,Bangalore,Windows,Firefox,Token,09:00,18:00,"Accounting,Invoices,Payroll"
Emp440,Dylan Clark,Marketing,Bangalore,Linux,Firefox,Password,10:00,19:00,"Analytics,Campaign Dashboard,Email"
Emp441,Ashley Fuentes,Marketing,Pune,Linux,Firefox,Biometric,18:00,02:00,"Analytics,Campaign Dashboard,Email"
Emp442,Janice Salas,Sales,Chennai,Windows,Chrome,Token,08:00,17:00,"CRM,Customer Portal,Email"
Emp443,Michael Mccormick,Sales,Hyderbad,Linux,Chrome,Token,18:00,02:00,"CRM,Customer Portal,Email"
Emp444,Rachel Turner,Marketing,Chennai,macos,Chrome,Biometric,08:00,17:00,"Analytics,Campaign Dashboard,Email"
Emp445,Katie English,IT,Bangalore,Windows,Chrome,Token,18:00,02:00,"GitHub,Jira,Server"
Emp446,Kathy Dominguez,Marketing,Chennai,Linux,Firefox,Biometric,10:00,19:00,"Analytics,Campaign Dashboard,Email"
Emp447,Shelley George,IT,Hyderbad,Linux,Firefox,Password,08:00,17:00,"GitHub,Jira,Server"
Emp448,Amanda Stevens,HR,Hyderbad,macos,Firefox,Token,08:00,17:00,"Email,HR Portal,Payroll"
Emp449,Dr. Thomas Robinson,Finance,Chennai,Linux,Chrome,Password,18:00,02:00,"Accounting,Invoices,Payroll"
Emp450,Amy Lyons,Finance,Delhi,Linux,Firefox,Token,08:00,17:00,"Accounting,Invoices,Payroll"
Emp451,Sheila Baker,IT,Hyderbad,Linux,Chrome,Token,09:00,18:00,"GitHub,Jira,Server"
Emp452,Heather Campbell,Finance,Mumbai,Windows,Edge,Token,18:00,02:00,"Accounting,Invoices,Payroll"
Emp453,Mindy Ochoa,Sales,Bangalore,macos,Firefox,Password,18:00,02:00,"CRM,Customer Portal,Email"
Emp454,Jennifer Jackson,IT,Pune,Linux,Edge,Biometric,09:00,18:00,"GitHub,Jira,Server"
Emp455,Steven Evans,Marketing,Chennai,Linux,Chrome,Token,18:00,02:00,"Analytics,Campaign Dashboard,Email"
Emp456,Lisa Garza,Sales,Mumbai,Windows,Chrome,Token,09:00,18:00,"CRM,Customer Portal,Email"
Emp457,Ellen Rowe,HR,Pune,Windows,Firefox,Biometric,09:00,18:00,"Email,HR Portal,Payroll"
Emp458,Juan Vazquez,Marketing,Delhi,Windows,Firefox,Biometric,10:00,19:00,"Analytics,Campaign Dashboard,Email"
Emp459,Michael Lane,Sales,Pune,macos,Chrome,Token,18:00,02:00,"CRM,Customer Portal,Email"
Emp460,Chloe Wilson,HR,Bangalore,Linux,Firefox,Biometric,10:00,19:00,"Email,HR Portal,Payroll"
Emp461,Todd Martin,Marketing,Chennai,macos,Edge,Token,10:00,19:00,"Analytics,Campaign Dashboard,Email"
Emp462,Ronald Lane,Marketing,Bangalore,Linux,Firefox,Token,09:00,18:00,"Analytics,Campaign Dashboard,Email"
Emp463,Anna Moran,Finance,Hyderbad,Linux,Edge,Password,08:00,17:00,"Accounting,Invoices,Payroll"
Emp464,Scott Ruiz,Finance,Hyderbad,Linux,Chrome,Biometric,09:00,18:00,"Accounting,Invoices,Payroll"
Emp465,Kristen Cook,Marketing,Pune,Windows,Edge,Token,18:00,02:00,"Analytics,Campaign Dashboard,Email"
Emp466,Crystal Berry,Sales,Chennai,macos,Edge,Token,10:00,19:00,"CRM,Customer Portal,Email"
Emp467,Doris Clark,Marketing,Chennai,macos,Edge,Password,09:00,18:00,"Analytics,Campaign Dashboard,Email"
Emp468,Emily Bailey,HR,Pune,Linux,Edge,Biometric,10:00,19:00,"Email,HR Portal,Payroll"
Emp469,Michael Cole,HR,Bangalore,Windows,Edge,Token,09:00,18:00,"Email,HR Portal,Payroll"
Emp470,Nicholas Ingram,Marketing,Delhi,macos,Firefox,Biometric,10:00,19:00,"Analytics,Campaign Dashboard,Email"
Emp471,Nicole Crawford,Finance,Bangalore,macos,Firefox,Token,08:00,17:00,"Accounting,Invoices,Payroll"
Emp472,Brenda Hughes,Marketing,Chennai,macos,Firefox,Password,09:00,18:00,"Analytics,Campaign Dashboard,Email"
Emp473,Joshua Hall,Finance,Mumbai,Linux,Firefox,Biometric,18:00,02:00,"Accounting,Invoices,Payroll"
Emp474,Katherine Patterson,Marketing,Hyderbad,Linux,Chrome,Password,09:00,18:00,"Analytics,Campaign Dashboard,Email"
Emp475,Amanda Caldwell,HR,Delhi,macos,Edge,Biometric,09:00,18:00,"Email,HR Portal,Payroll"
Emp476,Matthew Meza,Finance,Mumbai,Windows,Edge,Password,10:00,19:00,"Accounting,Invoices,Payroll"
Emp477,Amanda Hull,IT,Delhi,Windows,Edge,Password,18:00,02:00,"GitHub,Jira,Server"
Emp478,Jason Tran,IT,Bangalore,Linux,Firefox,Token,18:00,02:00,"GitHub,Jira,Server"
Emp479,Ronald Ortega,IT,Pune,Windows,Edge,Token,10:00,19:00,"GitHub,Jira,Server"
Emp480,Karen Henderson,HR,Bangalore,Windows,Edge,Biometric,18:00,02:00,"Email,HR Portal,Payroll"
Emp481,Michael Lee,Marketing,Hyderbad,Linux,Edge,Token,08:00,17:00,"Analytics,Campaign Dashboard,Email"
Emp482,Justin Jenkins,Sales,Delhi,Linux,Edge,Token,08:00,17:00,"CRM,Customer Portal,Email"
Emp483,Bryan Phillips,IT,Chennai,Linux,Edge,Biometric,18:00,02:00,"GitHub,Jira,Server"
Emp484,Melinda Mills,Marketing,Chennai,Linux,Chrome,Password,18:00,02:00,"Analytics,Campaign Dashboard,Email"
Emp485,Shelly Carr,Marketing,Delhi,Linux,Firefox,Biometric,18:00,02:00,"Analytics,Campaign Dashboard,Email"
Emp486,April Butler,Sales,Hyderbad,Linux,Firefox,Token,10:00,19:00,"CRM,Customer Portal,Email"
Emp487,Sarah Wood,Marketing,Pune,macos,Firefox,Password,09:00,18:00,"Analytics,Campaign Dashboard,Email"
Emp488,Craig Long,HR,Hyderbad,macos,Edge,Password,08:00,17:00,"Email,HR Portal,Payroll"
Emp489,Robert Flores,HR,Pune,macos,Firefox,Biometric,18:00,02:00,"Email,HR Portal,Payroll"
Emp490,Jeremy Washington,Marketing,Delhi,macos,Firefox,Password,09:00,18:00,"Analytics,Campaign Dashboard,Email"
Emp491,Joseph Hamilton,HR,Hyderbad,macos,Firefox,Token,18:00,02:00,"Email,HR Portal,Payroll"
Emp492,Brian Cobb,IT,Pune,macos,Firefox,Token,18:00,02:00,"GitHub,Jira,Server"
Emp493,Tyler Obrien,Finance,Chennai,Windows,Chrome,Password,09:00,18:00,"Accounting,Invoices,Payroll"
Emp494,Tiffany Conley,IT,Bangalore,macos,Firefox,Token,08:00,17:00,"GitHub,Jira,Server"
Emp495,David Howe,Finance,Bangalore,Linux,Firefox,Password,18:00,02:00,"Accounting,Invoices,Payroll"
Emp496,Andre Fuentes,Marketing,Bangalore,Windows,Chrome,Password,18:00,02:00,"Analytics,Campaign Dashboard,Email"
Emp497,Jimmy Miller,IT,Pune,macos,Edge,Password,08:00,17:00,"GitHub,Jira,Server"
Emp498,Todd Meyer,Finance,Bangalore,Linux,Chrome,Password,10:00,19:00,"Accounting,Invoices,Payroll"
Emp499,Peter Grant,Sales,Delhi,macos,Firefox,Password,09:00,18:00,"CRM,Customer Portal,Email"
Emp500,Shannon Moran,Sales,Mumbai,Linux,Chrome,Password,08:00,17:00,"CRM,Customer Portal,Email"
Emp501,Kenneth Stewart,HR,Hyderbad,Windows,Chrome,Biometric,08:00,17:00,"Email,HR Portal,Payroll"
Emp502,Suzanne Brown,Sales,Pune,Windows,Edge,Token,08:00,17:00,"CRM,Customer Portal,Email"
Emp503,Victoria Maldonado,IT,Chennai,Windows,Firefox,Biometric,08:00,17:00,"GitHub,Jira,Server"
Emp504,Mary Hall,HR,Delhi,Linux,Firefox,Password,18:00,02:00,"Email,HR Portal,Payroll"
Emp505,Kelli Thomas,Marketing,Delhi,Linux,Edge,Biometric,10:00,19:00,"Analytics,Campaign Dashboard,Email"
Emp506,Christina Jones,Marketing,Chennai,Windows,Chrome,Password,09:00,18:00,"Analytics,Campaign Dashboard,Email"
Emp507,Mark Dixon,HR,Hyderbad,Linux,Edge,Biometric,09:00,18:00,"Email,HR Portal,Payroll"
Emp508,David Garcia,HR,Hyderbad,Linux,Edge,Biometric,10:00,19:00,"Email,HR Portal,Payroll"
Emp509,Andrea Chan,HR,Hyderbad,Windows,Chrome,Token,08:00,17:00,"Email,HR Portal,Payroll"
Emp510,Susan Freeman,HR,Bangalore,macos,Chrome,Password,18:00,02:00,"Email,HR Portal,Payroll"
Emp511,David Campbell,Sales,Pune,Linux,Firefox,Biometric,18:00,02:00,"CRM,Customer Portal,Email"
Emp512,David Robbins,IT,Hyderbad,Linux,Chrome,Biometric,18:00,02:00,"GitHub,Jira,Server"
Emp513,Richard Baker,Finance,Hyderbad,Linux,Firefox,Biometric,08:00,17:00,"Accounting,Invoices,Payroll"
Emp514,Richard Carr,IT,Hyderbad,Linux,Firefox,Password,09:00,18:00,"GitHub,Jira,Server"
Emp515,Yvette Murray,Marketing,Delhi,Windows,Firefox,Token,10:00,19:00,"Analytics,Campaign Dashboard,Email"
Emp516,Ruth Tucker,HR,Chennai,Linux,Firefox,Token,10:00,19:00,"Email,HR Portal,Payroll"
Emp517,Rebecca Gray MD,Marketing,Hyderbad,Windows,Edge,Password,09:00,18:00,"Analytics,Campaign Dashboard,Email"
Emp518,Dustin Rivera,Marketing,Chennai,Windows,Firefox,Biometric,18:00,02:00,"Analytics,Campaign Dashboard,Email"
Emp519,Richard Garcia,Finance,Pune,macos,Edge,Token,09:00,18:00,"Accounting,Invoices,Payroll"
Emp520,Tyler Powers,IT,Hyderbad,Linux,Edge,Biometric,08:00,17:00,"GitHub,Jira,Server"
Emp521,Amber King,Sales,Mumbai,macos,Firefox,Token,18:00,02:00,"CRM,Customer Portal,Email"
Emp522,Jeremy Anderson,HR,Chennai,macos,Edge,Biometric,18:00,02:00,"Email,HR Portal,Payroll"
Emp523,Linda Thompson,IT,Bangalore,Windows,Edge,Biometric,10:00,19:00,"GitHub,Jira,Server"
Emp524,Ashley Marquez,IT,Bangalore,Linux,Firefox,Password,08:00,17:00,"GitHub,Jira,Server"
Emp525,Victor Wood,Sales,Bangalore,Linux,Edge,Token,08:00,17:00,"CRM,Customer Portal,Email"
Emp526,Timothy Shaw,IT,Delhi,Windows,Chrome,Biometric,09:00,18:00,"GitHub,Jira,Server"
Emp527,Gary Young,HR,Pune,macos,Edge,Biometric,08:00,17:00,"Email,HR Portal,Payroll"
Emp528,John Russo,Finance,Bangalore,Windows,Firefox,Password,09:00,18:00,"Accounting,Invoices,Payroll"
Emp529,Terrance Johnson,Marketing,Pune,Windows,Edge,Token,18:00,02:00,"Analytics,Campaign Dashboard,Email"
Emp530,Joseph Henderson,Marketing,Pune,macos,Edge,Password,10:00,19:00,"Analytics,Campaign Dashboard,Email"
Emp531,Eric Wilson,Sales,Hyderbad,Linux,Chrome,Token,08:00,17:00,"CRM,Customer Portal,Email"
Emp532,Lisa Combs MD,Sales,Pune,macos,Firefox,Password,10:00,19:00,"CRM,Customer Portal,Email"
Emp533,Danielle Carter,Marketing,Delhi,Windows,Edge,Token,10:00,19:00,"Analytics,Campaign Dashboard,Email"
Emp534,Nathaniel Bolton,HR,Mumbai,Windows,Edge,Password,10:00,19:00,"Email,HR Portal,Payroll"
Emp535,Kelly Lowe,Marketing,Chennai,Linux,Chrome,Token,10:00,19:00,"Analytics,Campaign Dashboard,Email"
Emp536,Lindsay Brown,Finance,Bangalore,macos,Firefox,Biometric,18:00,02:00,"Accounting,Invoices,Payroll"
Emp537,Cindy Arnold,Sales,Bangalore,Windows,Firefox,Biometric,18:00,02:00,"CRM,Customer Portal,Email"
Emp538,Jonathan Shaffer,HR,Pune,macos,Firefox,Password,08:00,17:00,"Email,HR Portal,Payroll"
Emp539,Ashley Mclean,Marketing,Hyderbad,Windows,Edge,Biometric,18:00,02:00,"Analytics,Campaign Dashboard,Email"
Emp540,Micheal White,Marketing,Pune,Linux,Edge,Biometric,18:00,02:00,"Analytics,Campaign Dashboard,Email"
Emp541,Ashley Smith,Finance,Mumbai,Linux,Firefox,Password,09:00,18:00,"Accounting,Invoices,Payroll"
Emp542,Laura Lambert,HR,Bangalore,Linux,Chrome,Biometric,18:00,02:00,"Email,HR Portal,Payroll"
Emp543,Heather Newman,HR,Pune,Windows,Chrome,Biometric,18:00,02:00,"Email,HR Portal,Payroll"
Emp544,Samantha Wood,Marketing,Mumbai,macos,Chrome,Biometric,10:00,19:00,"Analytics,Campaign Dashboard,Email"
Emp545,Mrs. Patricia Stevens,Marketing,Mumbai,Linux,Firefox,Password,10:00,19:00,"Analytics,Campaign Dashboard,Email"
Emp546,David Hill,Marketing,Bangalore,Windows,Firefox,Biometric,10:00,19:00,"Analytics,Campaign Dashboard,Email"
Emp547,Heidi Perez,HR,Bangalore,Windows,Edge,Password,10:00,19:00,"Email,HR Portal,Payroll"
Emp548,Cathy Lambert,Sales,Bangalore,Windows,Chrome,Biometric,10:00,19:00,"CRM,Customer Portal,Email"
Emp549,Jenna Freeman,Finance,Hyderbad,macos,Chrome,Token,08:00,17:00,"Accounting,Invoices,Payroll"
Emp550,Mathew Whitaker,IT,Bangalore,macos,Chrome,Password,18:00,02:00,"GitHub,Jira,Server"
Emp551,Michael Sutton,IT,Chennai,Windows,Chrome,Token,08:00,17:00,"GitHub,Jira,Server"
Emp552,Joshua Gilbert,Sales,Mumbai,Linux,Edge,Biometric,18:00,02:00,"CRM,Customer Portal,Email"
Emp553,Matthew Miller,Marketing,Mumbai,Windows,Chrome,Password,09:00,18:00,"Analytics,Campaign Dashboard,Email"
Emp554,Diana Martinez,Marketing,Hyderbad,Windows,Edge,Token,08:00,17:00,"Analytics,Campaign Dashboard,Email"
Emp555,Kevin Gray,Marketing,Hyderbad,macos,Chrome,Biometric,10:00,19:00,"Analytics,Campaign Dashboard,Email"
Emp556,Lisa Fisher,Finance,Pune,Windows,Chrome,Token,08:00,17:00,"Accounting,Invoices,Payroll"
Emp557,Gary Paul,Sales,Mumbai,macos,Edge,Biometric,10:00,19:00,"CRM,Customer Portal,Email"
Emp558,Eric Hammond,Finance,Mumbai,Linux,Chrome,Biometric,18:00,02:00,"Accounting,Invoices,Payroll"
Emp559,Abigail Davis,Marketing,Hyderbad,Linux,Edge,Password,09:00,18:00,"Analytics,Campaign Dashboard,Email"
Emp560,Mitchell White,Marketing,Hyderbad,Windows,Edge,Biometric,09:00,18:00,"Analytics,Campaign Dashboard,Email"
Emp561,Shannon Bradford,IT,Chennai,Windows,Firefox,Biometric,10:00,19:00,"GitHub,Jira,Server"
Emp562,Thomas Collins,IT,Hyderbad,Linux,Firefox,Biometric,08:00,17:00,"GitHub,Jira,Server"
Emp563,Steven Johnson,HR,Chennai,Linux,Firefox,Token,08:00,17:00,"Email,HR Portal,Payroll"
Emp564,Derek Martin,IT,Hyderbad,Windows,Chrome,Biometric,18:00,02:00,"GitHub,Jira,Server"
Emp565,Kim Hickman,Finance,Bangalore,Windows,Firefox,Password,18:00,02:00,"Accounting,Invoices,Payroll"
Emp566,Brandon Morgan MD,Sales,Bangalore,Linux,Edge,Password,10:00,19:00,"CRM,Customer Portal,Email"
Emp567,Alicia Grant,Sales,Hyderbad,Linux,Edge,Biometric,18:00,02:00,"CRM,Customer Portal,Email"
Emp568,Marcus Bryant,HR,Hyderbad,macos,Edge,Password,09:00,18:00,"Email,HR Portal,Payroll"
Emp569,Matthew Burnett,IT,Mumbai,Linux,Edge,Password,09:00,18:00,"GitHub,Jira,Server"
Emp570,Courtney Barton,IT,Bangalore,Linux,Edge,Biometric,09:00,18:00,"GitHub,Jira,Server"
Emp571,Susan Brady,Finance,Mumbai,macos,Chrome,Biometric,08:00,17:00,"Accounting,Invoices,Payroll"
Emp572,William Velez,Marketing,Hyderbad,Linux,Edge,Token,10:00,19:00,"Analytics,Campaign Dashboard,Email"
Emp573,Edward Malone,Sales,Pune,Windows,Edge,Token,08:00,17:00,"CRM,Customer Portal,Email"
Emp574,Kelly Wang,IT,Pune,Linux,Edge,Token,10:00,19:00,"GitHub,Jira,Server"
Emp575,Thomas Simpson,Marketing,Chennai,macos,Chrome,Password,08:00,17:00,"Analytics,Campaign Dashboard,Email"
Emp576,Carolyn Anderson,Marketing,Hyderbad,Windows,Firefox,Password,18:00,02:00,"Analytics,Campaign Dashboard,Email"
Emp577,Victor Leon,HR,Bangalore,Windows,Firefox,Biometric,09:00,18:00,"Email,HR Portal,Payroll"
Emp578,Susan Lawrence,IT,Bangalore,Windows,Edge,Password,10:00,19:00,"GitHub,Jira,Server"
Emp579,Christopher Gordon,Finance,Mumbai,Linux,Chrome,Token,18:00,02:00,"Accounting,Invoices,Payroll"
Emp580,Jordan White,IT,Delhi,Windows,Chrome,Biometric,09:00,18:00,"GitHub,Jira,Server"
Emp581,Ryan Hickman,Marketing,Chennai,Windows,Firefox,Password,10:00,19:00,"Analytics,Campaign Dashboard,Email"
Emp582,Emily Phelps,HR,Pune,Windows,Firefox,Biometric,08:00,17:00,"Email,HR Portal,Payroll"
Emp583,Melanie Cooper DVM,IT,Hyderbad,macos,Edge,Password,09:00,18:00,"GitHub,Jira,Server"
Emp584,David Collins,Marketing,Bangalore,Windows,Firefox,Token,18:00,02:00,"Analytics,Campaign Dashboard,Email"
Emp585,Justin Becker,HR,Hyderbad,macos,Chrome,Biometric,08:00,17:00,"Email,HR Portal,Payroll"
Emp586,Michelle Mathews,IT,Bangalore,macos,Chrome,Password,09:00,18:00,"GitHub,Jira,Server"
Emp587,Crystal Sanders,Sales,Hyderbad,Linux,Chrome,Biometric,08:00,17:00,"CRM,Customer Portal,Email"
Emp588,Ryan Cherry,HR,Hyderbad,Windows,Edge,Biometric,10:00,19:00,"Email,HR Portal,Payroll"
Emp589,Drew Wood,Sales,Hyderbad,Linux,Chrome,Biometric,18:00,02:00,"CRM,Customer Portal,Email"
Emp590,Joe Woodard,Finance,Hyderbad,Linux,Firefox,Token,10:00,19:00,"Accounting,Invoices,Payroll"
Emp591,Larry Hayes,Sales,Bangalore,macos,Chrome,Password,09:00,18:00,"CRM,Customer Portal,Email"
Emp592,Theresa Torres,Finance,Delhi,Windows,Firefox,Password,09:00,18:00,"Accounting,Invoices,Payroll"
Emp593,Michele Perez,Marketing,Bangalore,Linux,Firefox,Token,09:00,18:00,"Analytics,Campaign Dashboard,Email"
Emp594,Jessica Cooper,Marketing,Delhi,macos,Firefox,Password,10:00,19:00,"Analytics,Campaign Dashboard,Email"
Emp595,Dale West,Marketing,Chennai,Windows,Chrome,Biometric,18:00,02:00,"Analytics,Campaign Dashboard,Email"
Emp596,Jason Hammond,IT,Delhi,Linux,Chrome,Password,10:00,19:00,"GitHub,Jira,Server"
Emp597,William Patel,Finance,Pune,Windows,Firefox,Biometric,08:00,17:00,"Accounting,Invoices,Payroll"
Emp598,Peter Stephens,Finance,Chennai,Windows,Edge,Token,08:00,17:00,"Accounting,Invoices,Payroll"
Emp599,Jasmine Delgado,IT,Mumbai,macos,Firefox,Biometric,10:00,19:00,"GitHub,Jira,Server"
Emp600,Roberto Blackburn,Finance,Bangalore,macos,Chrome,Biometric,09:00,18:00,"Accounting,Invoices,Payroll"
Emp601,Kevin Marsh,Sales,Delhi,macos,Edge,Biometric,18:00,02:00,"CRM,Customer Portal,Email"
Emp602,Sean Morgan,Sales,Chennai,macos,Edge,Token,18:00,02:00,"CRM,Customer Portal,Email"
Emp603,Wayne Moore,Finance,Delhi,Linux,Chrome,Biometric,18:00,02:00,"Accounting,Invoices,Payroll"
Emp604,Heather Sanchez,Marketing,Delhi,Windows,Edge,Biometric,18:00,02:00,"Analytics,Campaign Dashboard,Email"
Emp605,Diane Smith,Finance,Chennai,macos,Edge,Password,10:00,19:00,"Accounting,Invoices,Payroll"
Emp606,Jessica Kennedy,Sales,Hyderbad,macos,Firefox,Token,10:00,19:00,"CRM,Customer Portal,Email"
Emp607,John Payne,Sales,Hyderbad,Linux,Chrome,Biometric,18:00,02:00,"CRM,Customer Portal,Email"
Emp608,David Hill,HR,Mumbai,Linux,Chrome,Biometric,09:00,18:00,"Email,HR Portal,Payroll"
Emp609,Shelby Johnson,Sales,Chennai,Linux,Firefox,Password,10:00,19:00,"CRM,Customer Portal,Email"
Emp610,Larry Stephenson,Finance,Bangalore,Linux,Chrome,Password,18:00,02:00,"Accounting,Invoices,Payroll"
Emp611,Michael Lucas,Sales,Bangalore,macos,Chrome,Password,18:00,02:00,"CRM,Customer Portal,Email"
Emp612,Annette Parker,Marketing,Chennai,Linux,Firefox,Token,10:00,19:00,"Analytics,Campaign Dashboard,Email"
Emp613,Lisa Dawson,Finance,Bangalore,macos,Edge,Password,08:00,17:00,"Accounting,Invoices,Payroll"
Emp614,Michael Estrada,HR,Mumbai,Linux,Edge,Token,18:00,02:00,"Email,HR Portal,Payroll"
Emp615,Lauren Adams,Sales,Delhi,Windows,Chrome,Biometric,10:00,19:00,"CRM,Customer Portal,Email"
Emp616,Christine Santos,HR,Pune,macos,Chrome,Password,10:00,19:00,"Email,HR Portal,Payroll"
Emp617,David Cross,Sales,Mumbai,Windows,Chrome,Password,18:00,02:00,"CRM,Customer Portal,Email"
Emp618,Sandra Ware,Marketing,Bangalore,Windows,Firefox,Password,18:00,02:00,"Analytics,Campaign Dashboard,Email"
Emp619,Taylor Jones,Finance,Bangalore,macos,Edge,Password,09:00,18:00,"Accounting,Invoices,Payroll"
Emp620,Matthew Kelly,Marketing,Mumbai,Linux,Edge,Biometric,08:00,17:00,"Analytics,Campaign Dashboard,Email"
Emp621,Jaclyn Shelton,Finance,Hyderbad,Linux,Edge,Token,18:00,02:00,"Accounting,Invoices,Payroll"
Emp622,Jessica Fields,IT,Bangalore,Windows,Firefox,Password,09:00,18:00,"GitHub,Jira,Server"
Emp623,Jessica Evans,Marketing,Hyderbad,Windows,Firefox,Password,08:00,17:00,"Analytics,Campaign Dashboard,Email"
Emp624,Elaine Roberts,HR,Bangalore,Windows,Firefox,Token,09:00,18:00,"Email,HR Portal,Payroll"
Emp625,Tina Smith,Marketing,Bangalore,macos,Firefox,Biometric,08:00,17:00,"Analytics,Campaign Dashboard,Email"
Emp626,Tiffany Patton,HR,Hyderbad,Windows,Chrome,Biometric,10:00,19:00,"Email,HR Portal,Payroll"
Emp627,Lauren Marshall,Marketing,Delhi,macos,Chrome,Password,08:00,17:00,"Analytics,Campaign Dashboard,Email"
Emp628,Kiara Mccormick,HR,Chennai,macos,Edge,Token,10:00,19:00,"Email,HR Portal,Payroll"
Emp629,Hannah Davidson,Sales,Bangalore,Windows,Chrome,Password,18:00,02:00,"CRM,Customer Portal,Email"
Emp630,Jeremy Brewer,Sales,Hyderbad,macos,Chrome,Token,10:00,19:00,"CRM,Customer Portal,Email"
Emp631,Jane Flynn,IT,Hyderbad,macos,Edge,Token,08:00,17:00,"GitHub,Jira,Server"
Emp632,Paul Bass,Marketing,Hyderbad,Windows,Edge,Biometric,08:00,17:00,"Analytics,Campaign Dashboard,Email"
Emp633,Nicole Wong,HR,Hyderbad,Linux,Edge,Password,10:00,19:00,"Email,HR Portal,Payroll"
Emp634,Rhonda Martinez,HR,Bangalore,Linux,Edge,Token,09:00,18:00,"Email,HR Portal,Payroll"
Emp635,Kimberly Ingram,Finance,Mumbai,Windows,Chrome,Token,10:00,19:00,"Accounting,Invoices,Payroll"
Emp636,Angela Cooper,Marketing,Hyderbad,macos,Chrome,Biometric,10:00,19:00,"Analytics,Campaign Dashboard,Email"
Emp637,Victor Wright,Finance,Bangalore,macos,Chrome,Token,10:00,19:00,"Accounting,Invoices,Payroll"
Emp638,Laura Howard,Sales,Hyderbad,Linux,Chrome,Password,18:00,02:00,"CRM,Customer Portal,Email"
Emp639,Clarence Williams,IT,Delhi,macos,Chrome,Password,18:00,02:00,"GitHub,Jira,Server"
Emp640,Jeremy Mullins,Marketing,Hyderbad,macos,Chrome,Token,18:00,02:00,"Analytics,Campaign Dashboard,Email"
Emp641,Lisa Jenkins,Sales,Delhi,Linux,Edge,Password,09:00,18:00,"CRM,Customer Portal,Email"
Emp642,John Orr,HR,Bangalore,macos,Edge,Token,18:00,02:00,"Email,HR Portal,Payroll"
Emp643,John Myers,Marketing,Mumbai,Windows,Firefox,Biometric,08:00,17:00,"Analytics,Campaign Dashboard,Email"
Emp644,Victoria Davis,Sales,Bangalore,Windows,Firefox,Token,08:00,17:00,"CRM,Customer Portal,Email"
Emp645,Donald Armstrong,HR,Bangalore,Linux,Edge,Biometric,10:00,19:00,"Email,HR Portal,Payroll"
Emp646,Danny Myers,HR,Delhi,Windows,Firefox,Password,10:00,19:00,"Email,HR Portal,Payroll"
Emp647,Gilbert Adams,Marketing,Bangalore,Linux,Edge,Password,08:00,17:00,"Analytics,Campaign Dashboard,Email"
Emp648,Heidi Lopez,Finance,Bangalore,Windows,Firefox,Token,18:00,02:00,"Accounting,Invoices,Payroll"
Emp649,Jesse Ellis,IT,Bangalore,macos,Firefox,Password,08:00,17:00,"GitHub,Jira,Server"
Emp650,Mary Cunningham,IT,Delhi,Windows,Edge,Biometric,18:00,02:00,"GitHub,Jira,Server"
Emp651,Paul Smith,Marketing,Bangalore,Windows,Edge,Token,08:00,17:00,"Analytics,Campaign Dashboard,Email"
Emp652,Carla Murray,HR,Chennai,Linux,Chrome,Token,18:00,02:00,"Email,HR Portal,Payroll"
Emp653,Joseph Acevedo,Finance,Mumbai,macos,Firefox,Biometric,10:00,19:00,"Accounting,Invoices,Payroll"
Emp654,Taylor Hopkins,IT,Chennai,Windows,Edge,Token,09:00,18:00,"GitHub,Jira,Server"
Emp655,Amanda White,Finance,Bangalore,macos,Chrome,Token,08:00,17:00,"Accounting,Invoices,Payroll"
Emp656,Carlos Jones,IT,Bangalore,Linux,Edge,Token,18:00,02:00,"GitHub,Jira,Server"
Emp657,Alicia Martinez,HR,Delhi,Windows,Chrome,Token,10:00,19:00,"Email,HR Portal,Payroll"
Emp658,Tamara Arias,Marketing,Hyderbad,Linux,Firefox,Token,09:00,18:00,"Analytics,Campaign Dashboard,Email"
Emp659,Bruce Cruz,Marketing,Delhi,Windows,Chrome,Biometric,18:00,02:00,"Analytics,Campaign Dashboard,Email"
Emp660,Justin Diaz,HR,Hyderbad,Linux,Firefox,Password,10:00,19:00,"Email,HR Portal,Payroll"
Emp661,Jason Green,Marketing,Delhi,Linux,Chrome,Token,08:00,17:00,"Analytics,Campaign Dashboard,Email"
Emp662,Chris Davis,Finance,Chennai,Linux,Chrome,Token,08:00,17:00,"Accounting,Invoices,Payroll"
Emp663,Leah Moran,Sales,Mumbai,macos,Firefox,Biometric,10:00,19:00,"CRM,Customer Portal,Email"
Emp664,Jennifer Garza,Marketing,Bangalore,Linux,Edge,Token,09:00,18:00,"Analytics,Campaign Dashboard,Email"
Emp665,Jeremy Young,Marketing,Mumbai,macos,Edge,Biometric,18:00,02:00,"Analytics,Campaign Dashboard,Email"
Emp666,Olivia Wright,Finance,Chennai,Windows,Firefox,Password,10:00,19:00,"Accounting,Invoices,Payroll"
Emp667,Amanda Torres,Sales,Mumbai,Windows,Edge,Biometric,18:00,02:00,"CRM,Customer Portal,Email"
Emp668,Jessica Baker,Marketing,Delhi,Linux,Edge,Token,10:00,19:00,"Analytics,Campaign Dashboard,Email"
Emp669,Dylan Morgan,Marketing,Pune,macos,Chrome,Password,09:00,18:00,"Analytics,Campaign Dashboard,Email"
Emp670,Shannon George,Sales,Chennai,Windows,Edge,Token,10:00,19:00,"CRM,Customer Portal,Email"
Emp671,Matthew Ellis,HR,Bangalore,Linux,Edge,Password,10:00,19:00,"Email,HR Portal,Payroll"
Emp672,Abigail Wilkins,Sales,Hyderbad,Windows,Chrome,Biometric,08:00,17:00,"CRM,Customer Portal,Email"
Emp673,Carol Pierce,Finance,Bangalore,macos,Chrome,Token,18:00,02:00,"Accounting,Invoices,Payroll"
Emp674,Tricia Garza,Marketing,Mumbai,macos,Edge,Password,18:00,02:00,"Analytics,Campaign Dashboard,Email"
Emp675,Christine Mckinney,IT,Pune,Linux,Firefox,Password,09:00,18:00,"GitHub,Jira,Server"
Emp676,Mrs. Katherine Ortiz,HR,Bangalore,Linux,Firefox,Token,09:00,18:00,"Email,HR Portal,Payroll"
Emp677,Brian Carson,Sales,Pune,Windows,Edge,Biometric,10:00,19:00,"CRM,Customer Portal,Email"
Emp678,Katie Jones,Sales,Mumbai,Windows,Chrome,Token,08:00,17:00,"CRM,Customer Portal,Email"
Emp679,Diana Wilkins,Sales,Chennai,macos,Edge,Password,09:00,18:00,"CRM,Customer Portal,Email"
Emp680,Cynthia Bennett,Sales,Mumbai,macos,Firefox,Password,18:00,02:00,"CRM,Customer Portal,Email"
Emp681,Rebecca Freeman,Marketing,Chennai,Linux,Firefox,Biometric,09:00,18:00,"Analytics,Campaign Dashboard,Email"
Emp682,Anthony Lopez,Marketing,Bangalore,macos,Firefox,Biometric,10:00,19:00,"Analytics,Campaign Dashboard,Email"
Emp683,Lisa Hutchinson,Marketing,Chennai,macos,Firefox,Password,08:00,17:00,"Analytics,Campaign Dashboard,Email"
Emp684,Anthony Reyes,Sales,Pune,Windows,Edge,Token,08:00,17:00,"CRM,Customer Portal,Email"
Emp685,Amber Nolan,Marketing,Delhi,macos,Firefox,Password,18:00,02:00,"Analytics,Campaign Dashboard,Email"
Emp686,Nicole Calderon,Marketing,Hyderbad,Linux,Chrome,Password,08:00,17:00,"Analytics,Campaign Dashboard,Email"
Emp687,Sara Lawrence,IT,Mumbai,Linux,Firefox,Token,08:00,17:00,"GitHub,Jira,Server"
Emp688,David Cross,IT,Chennai,macos,Edge,Token,18:00,02:00,"GitHub,Jira,Server"
Emp689,Dennis Morgan,HR,Pune,macos,Edge,Token,10:00,19:00,"Email,HR Portal,Payroll"
Emp690,Derek Davis,IT,Hyderbad,Windows,Firefox,Token,18:00,02:00,"GitHub,Jira,Server"
Emp691,Stacey Hancock,Marketing,Delhi,Linux,Chrome,Token,10:00,19:00,"Analytics,Campaign Dashboard,Email"
Emp692,Andrew Garrison,IT,Delhi,Windows,Firefox,Token,08:00,17:00,"GitHub,Jira,Server"
Emp693,Linda Wilson,HR,Hyderbad,Linux,Firefox,Password,10:00,19:00,"Email,HR Portal,Payroll"
Emp694,Sarah Williams,Finance,Mumbai,Linux,Firefox,Token,08:00,17:00,"Accounting,Invoices,Payroll"
Emp695,Laura Hernandez,HR,Bangalore,macos,Edge,Biometric,09:00,18:00,"Email,HR Portal,Payroll"
Emp696,Jeffrey Garcia,HR,Mumbai,Linux,Chrome,Token,09:00,18:00,"Email,HR Portal,Payroll"
Emp697,Karen Keller,Sales,Chennai,macos,Firefox,Biometric,18:00,02:00,"CRM,Customer Portal,Email"
Emp698,John Payne,HR,Chennai,Linux,Chrome,Password,09:00,18:00,"Email,HR Portal,Payroll"
Emp699,Andrea Richards,Sales,Hyderbad,Linux,Firefox,Token,18:00,02:00,"CRM,Customer Portal,Email"
Emp700,Scott Smith,Marketing,Pune,Windows,Chrome,Password,18:00,02:00,"Analytics,Campaign Dashboard,Email"
Emp701,Mr. Kevin George,Sales,Hyderbad,Linux,Edge,Password,08:00,17:00,"CRM,Customer Portal,Email"
Emp702,Tammy Ramirez,Finance,Mumbai,Linux,Chrome,Password,08:00,17:00,"Accounting,Invoices,Payroll"
Emp703,Benjamin Smith,IT,Pune,Linux,Chrome,Biometric,09:00,18:00,"GitHub,Jira,Server"
Emp704,Paula Liu,IT,Pune,Linux,Edge,Token,10:00,19:00,"GitHub,Jira,Server"
Emp705,Angela Ford,Marketing,Chennai,Windows,Edge,Password,18:00,02:00,"Analytics,Campaign Dashboard,Email"
Emp706,Sharon Cruz,HR,Chennai,Windows,Edge,Password,18:00,02:00,"Email,HR Portal,Payroll"
Emp707,James Riggs,Sales,Chennai,Windows,Firefox,Password,09:00,18:00,"CRM,Customer Portal,Email"
Emp708,Emily Wagner,Sales,Hyderbad,macos,Edge,Token,18:00,02:00,"CRM,Customer Portal,Email"
Emp709,Sarah Hudson,HR,Chennai,macos,Firefox,Token,10:00,19:00,"Email,HR Portal,Payroll"
Emp710,Diane Banks,Marketing,Hyderbad,Windows,Chrome,Password,18:00,02:00,"Analytics,Campaign Dashboard,Email"
Emp711,William Marshall,HR,Hyderbad,Linux,Edge,Password,08:00,17:00,"Email,HR Portal,Payroll"
Emp712,Matthew Torres,Sales,Delhi,macos,Firefox,Password,09:00,18:00,"CRM,Customer Portal,Email"
Emp713,Michelle Lowe,IT,Mumbai,Linux,Chrome,Password,08:00,17:00,"GitHub,Jira,Server"
Emp714,William Strickland,Sales,Pune,Windows,Edge,Biometric,09:00,18:00,"CRM,Customer Portal,Email"
Emp715,Elizabeth Macdonald,Finance,Delhi,Windows,Firefox,Password,10:00,19:00,"Accounting,Invoices,Payroll"
Emp716,Marco Owens,HR,Pune,Linux,Chrome,Password,18:00,02:00,"Email,HR Portal,Payroll"
Emp717,John Adams,Sales,Delhi,macos,Firefox,Token,18:00,02:00,"CRM,Customer Portal,Email"
Emp718,Cindy Steele,IT,Bangalore,Linux,Firefox,Token,09:00,18:00,"GitHub,Jira,Server"
Emp719,Danielle Hall,Finance,Mumbai,Linux,Firefox,Token,08:00,17:00,"Accounting,Invoices,Payroll"
Emp720,Lynn Becker,HR,Chennai,macos,Edge,Password,10:00,19:00,"Email,HR Portal,Payroll"
Emp721,Elizabeth Barrett,HR,Delhi,Windows,Edge,Biometric,10:00,19:00,"Email,HR Portal,Payroll"
Emp722,John Padilla,Sales,Chennai,Linux,Edge,Biometric,08:00,17:00,"CRM,Customer Portal,Email"
Emp723,Anna Hernandez,Finance,Delhi,Linux,Firefox,Token,18:00,02:00,"Accounting,Invoices,Payroll"
Emp724,Madeline Valentine,Finance,Pune,Windows,Firefox,Biometric,10:00,19:00,"Accounting,Invoices,Payroll"
Emp725,Richard Carrillo,HR,Mumbai,Linux,Edge,Token,08:00,17:00,"Email,HR Portal,Payroll"
Emp726,Hunter Walter,Marketing,Delhi,Linux,Chrome,Biometric,10:00,19:00,"Analytics,Campaign Dashboard,Email"
Emp727,Allison Adams,HR,Hyderbad,Windows,Edge,Token,10:00,19:00,"Email,HR Portal,Payroll"
Emp728,Marc Morgan,Sales,Mumbai,macos,Edge,Biometric,09:00,18:00,"CRM,Customer Portal,Email"
Emp729,Aaron Cochran,IT,Mumbai,macos,Firefox,Password,10:00,19:00,"GitHub,Jira,Server"
Emp730,Daniel Wilson,HR,Delhi,Linux,Chrome,Token,18:00,02:00,"Email,HR Portal,Payroll"
Emp731,Barbara Miller,HR,Pune,Windows,Edge,Token,08:00,17:00,"Email,HR Portal,Payroll"
Emp732,Steven Harvey,HR,Hyderbad,Linux,Edge,Biometric,08:00,17:00,"Email,HR Portal,Payroll"
Emp733,Stacy Newman,IT,Bangalore,Windows,Edge,Token,09:00,18:00,"GitHub,Jira,Server"
Emp734,Heather Bryant,Sales,Chennai,macos,Chrome,Biometric,08:00,17:00,"CRM,Customer Portal,Email"
Emp735,Suzanne Evans,Sales,Delhi,Windows,Firefox,Token,09:00,18:00,"CRM,Customer Portal,Email"
Emp736,Kristin Long,IT,Hyderbad,Linux,Chrome,Password,09:00,18:00,"GitHub,Jira,Server"
Emp737,Timothy Glenn,Sales,Pune,macos,Edge,Token,09:00,18:00,"CRM,Customer Portal,Email"
Emp738,Kayla Martinez,Sales,Hyderbad,Linux,Edge,Biometric,18:00,02:00,"CRM,Customer Portal,Email"
Emp739,Brian Anderson,IT,Hyderbad,Linux,Firefox,Biometric,18:00,02:00,"GitHub,Jira,Server"
Emp740,Jennifer Woods,Marketing,Mumbai,Linux,Chrome,Password,08:00,17:00,"Analytics,Campaign Dashboard,Email"
Emp741,Eugene Lee,Sales,Bangalore,macos,Chrome,Token,08:00,17:00,"CRM,Customer Portal,Email"
Emp742,Steven Daniels,Marketing,Chennai,macos,Chrome,Biometric,09:00,18:00,"Analytics,Campaign Dashboard,Email"
Emp743,Jorge Gray,IT,Bangalore,Linux,Chrome,Password,08:00,17:00,"GitHub,Jira,Server"
Emp744,Stephanie White,HR,Delhi,Linux,Firefox,Password,08:00,17:00,"Email,HR Portal,Payroll"
Emp745,Dustin Hernandez,Sales,Delhi,macos,Firefox,Token,10:00,19:00,"CRM,Customer Portal,Email"
Emp746,Jennifer Decker,IT,Chennai,Windows,Firefox,Token,18:00,02:00,"GitHub,Jira,Server"
Emp747,Keith Walter,Sales,Delhi,Windows,Edge,Password,09:00,18:00,"CRM,Customer Portal,Email"
Emp748,Andrea Reyes,HR,Chennai,macos,Edge,Token,08:00,17:00,"Email,HR Portal,Payroll"
Emp749,Sarah Chang,IT,Chennai,Windows,Chrome,Biometric,08:00,17:00,"GitHub,Jira,Server"
Emp750,Nathan Heath,Finance,Chennai,Linux,Chrome,Password,10:00,19:00,"Accounting,Invoices,Payroll"
Emp751,Sandra Brown,Marketing,Chennai,Linux,Firefox,Password,10:00,19:00,"Analytics,Campaign Dashboard,Email"
Emp752,Dr. Jean Harvey,Finance,Mumbai,Linux,Chrome,Biometric,09:00,18:00,"Accounting,Invoices,Payroll"
Emp753,Brad Sullivan,IT,Hyderbad,Windows,Chrome,Token,09:00,18:00,"GitHub,Jira,Server"
Emp754,Michael Kerr,Marketing,Mumbai,Linux,Chrome,Password,10:00,19:00,"Analytics,Campaign Dashboard,Email"
Emp755,Debbie Fowler,HR,Mumbai,macos,Edge,Password,09:00,18:00,"Email,HR Portal,Payroll"
Emp756,Justin Oconnell,Marketing,Hyderbad,Windows,Chrome,Token,10:00,19:00,"Analytics,Campaign Dashboard,Email"
Emp757,David Gibson,HR,Delhi,Windows,Edge,Token,09:00,18:00,"Email,HR Portal,Payroll"
Emp758,Whitney Johnson,Sales,Delhi,Linux,Edge,Biometric,10:00,19:00,"CRM,Customer Portal,Email"
Emp759,Jesse Russell,Finance,Hyderbad,macos,Chrome,Token,09:00,18:00,"Accounting,Invoices,Payroll"
Emp760,Roger Miller,Sales,Hyderbad,Windows,Chrome,Biometric,10:00,19:00,"CRM,Customer Portal,Email"
Emp761,Michelle Evans,Sales,Chennai,Windows,Firefox,Token,18:00,02:00,"CRM,Customer Portal,Email"
Emp762,John Ryan,HR,Mumbai,Windows,Firefox,Password,10:00,19:00,"Email,HR Portal,Payroll"
Emp763,Elijah Cole,IT,Delhi,Linux,Edge,Biometric,09:00,18:00,"GitHub,Jira,Server"
Emp764,Christopher Walter,HR,Chennai,Linux,Firefox,Biometric,08:00,17:00,"Email,HR Portal,Payroll"
Emp765,Ryan Warren,IT,Hyderbad,Linux,Chrome,Biometric,08:00,17:00,"GitHub,Jira,Server"
Emp766,Sean Mahoney,HR,Bangalore,Linux,Chrome,Biometric,18:00,02:00,"Email,HR Portal,Payroll"
Emp767,Chad Williams,Marketing,Delhi,Linux,Chrome,Biometric,09:00,18:00,"Analytics,Campaign Dashboard,Email"
Emp768,Janet Garza,Marketing,Mumbai,macos,Chrome,Password,08:00,17:00,"Analytics,Campaign Dashboard,Email"
Emp769,Nicholas Smith,Marketing,Mumbai,Linux,Chrome,Token,10:00,19:00,"Analytics,Campaign Dashboard,Email"
Emp770,Todd Moore,Sales,Chennai,Linux,Chrome,Biometric,09:00,18:00,"CRM,Customer Portal,Email"
Emp771,Linda Fischer,Marketing,Delhi,Windows,Chrome,Password,08:00,17:00,"Analytics,Campaign Dashboard,Email"
Emp772,David Thompson,Marketing,Pune,Linux,Edge,Biometric,10:00,19:00,"Analytics,Campaign Dashboard,Email"
Emp773,Brian Cook,Marketing,Delhi,Windows,Firefox,Token,10:00,19:00,"Analytics,Campaign Dashboard,Email"
Emp774,Michele Brown,Sales,Chennai,Windows,Chrome,Password,10:00,19:00,"CRM,Customer Portal,Email"
Emp775,Susan Smith,HR,Hyderbad,macos,Chrome,Password,10:00,19:00,"Email,HR Portal,Payroll"
Emp776,David Vincent III,Marketing,Hyderbad,macos,Chrome,Password,08:00,17:00,"Analytics,Campaign Dashboard,Email"
Emp777,Bernard Richards,Finance,Delhi,Windows,Chrome,Token,10:00,19:00,"Accounting,Invoices,Payroll"
Emp778,Lauren White,Marketing,Hyderbad,macos,Edge,Token,09:00,18:00,"Analytics,Campaign Dashboard,Email"
Emp779,Patrick Oliver,Marketing,Pune,Windows,Firefox,Token,09:00,18:00,"Analytics,Campaign Dashboard,Email"
Emp780,Douglas Morris,Marketing,Bangalore,Windows,Edge,Biometric,09:00,18:00,"Analytics,Campaign Dashboard,Email"
Emp781,Rachel Braun,IT,Pune,macos,Firefox,Biometric,18:00,02:00,"GitHub,Jira,Server"
Emp782,Ana Martin DDS,Sales,Delhi,Windows,Edge,Password,10:00,19:00,"CRM,Customer Portal,Email"
Emp783,Patricia Blackburn,Finance,Bangalore,Linux,Firefox,Password,08:00,17:00,"Accounting,Invoices,Payroll"
Emp784,Mary Keith,Marketing,Bangalore,Linux,Chrome,Biometric,18:00,02:00,"Analytics,Campaign Dashboard,Email"
Emp785,Alan Gordon,HR,Delhi,macos,Firefox,Token,09:00,18:00,"Email,HR Portal,Payroll"
Emp786,Adam Small,HR,Delhi,Linux,Edge,Token,08:00,17:00,"Email,HR Portal,Payroll"
Emp787,Tyler Johnson,IT,Hyderbad,Linux,Firefox,Token,09:00,18:00,"GitHub,Jira,Server"
Emp788,Summer Holloway,Sales,Chennai,Windows,Edge,Password,10:00,19:00,"CRM,Customer Portal,Email"
Emp789,Megan Smith,Sales,Chennai,macos,Chrome,Password,10:00,19:00,"CRM,Customer Portal,Email"
Emp790,Gregory Valdez,Finance,Delhi,Windows,Edge,Biometric,18:00,02:00,"Accounting,Invoices,Payroll"
Emp791,Linda Roman,Finance,Hyderbad,Linux,Edge,Biometric,09:00,18:00,"Accounting,Invoices,Payroll"
Emp792,Shannon Nelson MD,HR,Mumbai,macos,Firefox,Token,10:00,19:00,"Email,HR Portal,Payroll"
Emp793,Dustin Jackson,HR,Hyderbad,macos,Edge,Biometric,10:00,19:00,"Email,HR Portal,Payroll"
Emp794,Ashley Vasquez,Marketing,Mumbai,Linux,Firefox,Biometric,08:00,17:00,"Analytics,Campaign Dashboard,Email"
Emp795,Michael Howe,HR,Mumbai,Windows,Firefox,Biometric,18:00,02:00,"Email,HR Portal,Payroll"
Emp796,Cody Willis,HR,Mumbai,Windows,Chrome,Token,09:00,18:00,"Email,HR Portal,Payroll"
Emp797,Victoria Smith,IT,Delhi,Windows,Edge,Password,10:00,19:00,"GitHub,Jira,Server"
Emp798,Christopher Hendrix,HR,Bangalore,macos,Edge,Password,18:00,02:00,"Email,HR Portal,Payroll"
Emp799,Mr. Jordan Clark,Marketing,Mumbai,Linux,Firefox,Biometric,10:00,19:00,"Analytics,Campaign Dashboard,Email"
Emp800,Christopher Hanson,Finance,Pune,Windows,Chrome,Password,08:00,17:00,"Accounting,Invoices,Payroll"
Emp801,Regina Schneider,Finance,Hyderbad,Windows,Edge,Password,10:00,19:00,"Accounting,Invoices,Payroll"
Emp802,Bradley Parker,Finance,Chennai,macos,Firefox,Token,10:00,19:00,"Accounting,Invoices,Payroll"
Emp803,Christopher Wells,IT,Mumbai,Windows,Firefox,Password,08:00,17:00,"GitHub,Jira,Server"
Emp804,Jamie Miles,Marketing,Mumbai,Windows,Chrome,Biometric,08:00,17:00,"Analytics,Campaign Dashboard,Email"
Emp805,Scott Murray,IT,Delhi,Windows,Edge,Biometric,09:00,18:00,"GitHub,Jira,Server"
Emp806,Andrea Simpson,Sales,Bangalore,Linux,Chrome,Token,18:00,02:00,"CRM,Customer Portal,Email"
Emp807,Alex Douglas,Finance,Chennai,macos,Edge,Token,18:00,02:00,"Accounting,Invoices,Payroll"
Emp808,Shawn Smith,IT,Chennai,Linux,Edge,Biometric,09:00,18:00,"GitHub,Jira,Server"
Emp809,William Rosario,HR,Mumbai,macos,Firefox,Password,18:00,02:00,"Email,HR Portal,Payroll"
Emp810,Marissa Chavez,Finance,Bangalore,Windows,Chrome,Biometric,09:00,18:00,"Accounting,Invoices,Payroll"
Emp811,Cathy May,Marketing,Bangalore,Windows,Chrome,Password,09:00,18:00,"Analytics,Campaign Dashboard,Email"
Emp812,Michael Gray,IT,Pune,Linux,Edge,Password,09:00,18:00,"GitHub,Jira,Server"
Emp813,Kenneth Riley,Sales,Pune,Windows,Firefox,Password,09:00,18:00,"CRM,Customer Portal,Email"
Emp814,Jason James,IT,Bangalore,Linux,Edge,Token,09:00,18:00,"GitHub,Jira,Server"
Emp815,Paula Lee,Marketing,Chennai,macos,Chrome,Biometric,18:00,02:00,"Analytics,Campaign Dashboard,Email"
Emp816,David Haas,Marketing,Bangalore,macos,Chrome,Token,09:00,18:00,"Analytics,Campaign Dashboard,Email"
Emp817,Walter Edwards,IT,Delhi,Windows,Edge,Biometric,18:00,02:00,"GitHub,Jira,Server"
Emp818,Heather Myers,HR,Delhi,Windows,Firefox,Token,09:00,18:00,"Email,HR Portal,Payroll"
Emp819,Brian Hunter,Sales,Mumbai,Windows,Edge,Biometric,08:00,17:00,"CRM,Customer Portal,Email"
Emp820,Kenneth Ramirez,Sales,Pune,Linux,Firefox,Biometric,18:00,02:00,"CRM,Customer Portal,Email"
Emp821,Clifford Thompson,Sales,Mumbai,Windows,Chrome,Token,18:00,02:00,"CRM,Customer Portal,Email"
Emp822,Andrew Aguilar,Sales,Hyderbad,Windows,Edge,Biometric,09:00,18:00,"CRM,Customer Portal,Email"
Emp823,Heather Anderson,HR,Delhi,Windows,Firefox,Token,10:00,19:00,"Email,HR Portal,Payroll"
Emp824,Matthew Marshall,HR,Chennai,Linux,Edge,Biometric,09:00,18:00,"Email,HR Portal,Payroll"
Emp825,George Chandler,Marketing,Hyderbad,Windows,Firefox,Biometric,10:00,19:00,"Analytics,Campaign Dashboard,Email"
Emp826,Michele Henry,Finance,Delhi,Windows,Edge,Biometric,08:00,17:00,"Accounting,Invoices,Payroll"
Emp827,Caroline Brown,HR,Chennai,Windows,Edge,Biometric,18:00,02:00,"Email,HR Portal,Payroll"
Emp828,Steven Martinez,HR,Chennai,Linux,Edge,Token,10:00,19:00,"Email,HR Portal,Payroll"
Emp829,Charlene York,Sales,Mumbai,Linux,Edge,Biometric,18:00,02:00,"CRM,Customer Portal,Email"
Emp830,Karl Kelley,Sales,Delhi,Windows,Edge,Biometric,18:00,02:00,"CRM,Customer Portal,Email"
Emp831,Victor Mercer,Finance,Bangalore,macos,Chrome,Biometric,18:00,02:00,"Accounting,Invoices,Payroll"
Emp832,Bryan Smith,HR,Hyderbad,macos,Chrome,Token,18:00,02:00,"Email,HR Portal,Payroll"
Emp833,Brooke Garcia,HR,Delhi,Linux,Edge,Token,09:00,18:00,"Email,HR Portal,Payroll"
Emp834,Jennifer Jordan,Marketing,Pune,Windows,Chrome,Token,08:00,17:00,"Analytics,Campaign Dashboard,Email"
Emp835,Erin Reed,HR,Hyderbad,macos,Chrome,Password,10:00,19:00,"Email,HR Portal,Payroll"
Emp836,Bruce Allen,IT,Mumbai,Windows,Edge,Biometric,08:00,17:00,"GitHub,Jira,Server"
Emp837,Andrew Moore,HR,Hyderbad,Windows,Chrome,Password,08:00,17:00,"Email,HR Portal,Payroll"
Emp838,Natalie Farrell,HR,Mumbai,Linux,Edge,Token,09:00,18:00,"Email,HR Portal,Payroll"
Emp839,Kimberly Lopez,IT,Pune,Windows,Firefox,Password,18:00,02:00,"GitHub,Jira,Server"
Emp840,Jimmy Thompson,Marketing,Chennai,Linux,Firefox,Token,10:00,19:00,"Analytics,Campaign Dashboard,Email"
Emp841,Benjamin Mccormick,HR,Pune,Linux,Chrome,Password,10:00,19:00,"Email,HR Portal,Payroll"
Emp842,Daniel Jones,Finance,Mumbai,Windows,Firefox,Token,09:00,18:00,"Accounting,Invoices,Payroll"
Emp843,Jacob Booth,Marketing,Pune,Windows,Edge,Token,08:00,17:00,"Analytics,Campaign Dashboard,Email"
Emp844,Mary Flores,Marketing,Hyderbad,Linux,Firefox,Password,18:00,02:00,"Analytics,Campaign Dashboard,Email"
Emp845,Pamela Cross,Marketing,Pune,macos,Chrome,Password,09:00,18:00,"Analytics,Campaign Dashboard,Email"
Emp846,Curtis Herman,Marketing,Hyderbad,Windows,Edge,Token,18:00,02:00,"Analytics,Campaign Dashboard,Email"
Emp847,Julia Parker,Marketing,Chennai,Linux,Chrome,Token,08:00,17:00,"Analytics,Campaign Dashboard,Email"
Emp848,William Anderson,IT,Bangalore,Windows,Firefox,Password,10:00,19:00,"GitHub,Jira,Server"
Emp849,Katherine Lopez,Marketing,Bangalore,macos,Firefox,Biometric,08:00,17:00,"Analytics,Campaign Dashboard,Email"
Emp850,Ryan Ramos,IT,Hyderbad,Windows,Chrome,Biometric,08:00,17:00,"GitHub,Jira,Server"
Emp851,Jacob Webb,Sales,Pune,macos,Edge,Token,18:00,02:00,"CRM,Customer Portal,Email"
Emp852,Karen Moore,Marketing,Delhi,Linux,Edge,Biometric,10:00,19:00,"Analytics,Campaign Dashboard,Email"
Emp853,Craig Reynolds,Finance,Bangalore,Linux,Chrome,Biometric,08:00,17:00,"Accounting,Invoices,Payroll"
Emp854,Brenda Meyers,Sales,Bangalore,Linux,Chrome,Token,18:00,02:00,"CRM,Customer Portal,Email"
Emp855,Micheal Barber,Marketing,Delhi,macos,Chrome,Password,10:00,19:00,"Analytics,Campaign Dashboard,Email"
Emp856,Janet Miller,Sales,Pune,macos,Firefox,Token,10:00,19:00,"CRM,Customer Portal,Email"
Emp857,Michael Jackson MD,Sales,Mumbai,Linux,Chrome,Biometric,10:00,19:00,"CRM,Customer Portal,Email"
Emp858,Joseph Tucker,Marketing,Delhi,macos,Edge,Biometric,10:00,19:00,"Analytics,Campaign Dashboard,Email"
Emp859,Andrew Morgan,Finance,Mumbai,Windows,Chrome,Biometric,18:00,02:00,"Accounting,Invoices,Payroll"
Emp860,Kyle Baird,Sales,Hyderbad,Windows,Chrome,Biometric,08:00,17:00,"CRM,Customer Portal,Email"
Emp861,Evelyn Horne,Marketing,Chennai,Linux,Chrome,Biometric,09:00,18:00,"Analytics,Campaign Dashboard,Email"
Emp862,Mary Gill,Finance,Mumbai,Linux,Firefox,Biometric,09:00,18:00,"Accounting,Invoices,Payroll"
Emp863,Dustin Howell,Sales,Delhi,Windows,Edge,Biometric,10:00,19:00,"CRM,Customer Portal,Email"
Emp864,Sophia Williams,HR,Hyderbad,macos,Firefox,Biometric,09:00,18:00,"Email,HR Portal,Payroll"
Emp865,Jessica Hall,HR,Chennai,macos,Edge,Token,08:00,17:00,"Email,HR Portal,Payroll"
Emp866,Michelle Mckinney,Finance,Bangalore,macos,Edge,Password,08:00,17:00,"Accounting,Invoices,Payroll"
Emp867,Cody Cook,Marketing,Pune,Linux,Chrome,Password,18:00,02:00,"Analytics,Campaign Dashboard,Email"
Emp868,Nathan Johnson,IT,Pune,macos,Chrome,Token,18:00,02:00,"GitHub,Jira,Server"
Emp869,Oscar Rios,Marketing,Mumbai,macos,Firefox,Token,10:00,19:00,"Analytics,Campaign Dashboard,Email"
Emp870,Kayla Mcgrath,IT,Pune,Linux,Firefox,Password,09:00,18:00,"GitHub,Jira,Server"
Emp871,Daniel Mullins,IT,Mumbai,Linux,Firefox,Password,18:00,02:00,"GitHub,Jira,Server"
Emp872,Gloria Myers,Finance,Chennai,Linux,Chrome,Password,08:00,17:00,"Accounting,Invoices,Payroll"
Emp873,Raymond Hamilton,HR,Hyderbad,Windows,Edge,Biometric,08:00,17:00,"Email,HR Portal,Payroll"
Emp874,Susan Holland,HR,Mumbai,Linux,Firefox,Biometric,09:00,18:00,"Email,HR Portal,Payroll"
Emp875,Laura Dixon,IT,Bangalore,Windows,Chrome,Biometric,09:00,18:00,"GitHub,Jira,Server"
Emp876,Robin Vasquez,Finance,Mumbai,macos,Chrome,Password,09:00,18:00,"Accounting,Invoices,Payroll"
Emp877,Brian Ramirez,Sales,Bangalore,macos,Firefox,Token,18:00,02:00,"CRM,Customer Portal,Email"
Emp878,Julie Wolfe,Finance,Pune,macos,Edge,Token,09:00,18:00,"Accounting,Invoices,Payroll"
Emp879,Martin Dudley,HR,Hyderbad,Windows,Firefox,Biometric,18:00,02:00,"Email,HR Portal,Payroll"
Emp880,Tammy Martinez,Sales,Hyderbad,macos,Firefox,Password,08:00,17:00,"CRM,Customer Portal,Email"
Emp881,Marie White,Finance,Hyderbad,macos,Edge,Token,18:00,02:00,"Accounting,Invoices,Payroll"
Emp882,Ethan Gibson,Sales,Hyderbad,Linux,Chrome,Biometric,09:00,18:00,"CRM,Customer Portal,Email"
Emp883,Beverly Nunez,Marketing,Bangalore,Windows,Edge,Biometric,10:00,19:00,"Analytics,Campaign Dashboard,Email"
Emp884,Andrea Lynch,Finance,Hyderbad,Windows,Chrome,Biometric,08:00,17:00,"Accounting,Invoices,Payroll"
Emp885,Lisa Hernandez,Marketing,Hyderbad,macos,Firefox,Token,09:00,18:00,"Analytics,Campaign Dashboard,Email"
Emp886,Gordon Montoya,Finance,Mumbai,macos,Firefox,Password,18:00,02:00,"Accounting,Invoices,Payroll"
Emp887,Valerie Hunt,IT,Pune,macos,Edge,Token,10:00,19:00,"GitHub,Jira,Server"
Emp888,Lisa Watts,Marketing,Delhi,Linux,Chrome,Token,08:00,17:00,"Analytics,Campaign Dashboard,Email"
Emp889,Erik Flores,IT,Pune,Windows,Firefox,Token,18:00,02:00,"GitHub,Jira,Server"
Emp890,Lance Brooks,Marketing,Bangalore,Windows,Edge,Biometric,18:00,02:00,"Analytics,Campaign Dashboard,Email"
Emp891,Amanda Taylor,Finance,Hyderbad,Windows,Edge,Token,09:00,18:00,"Accounting,Invoices,Payroll"
Emp892,Beverly Fleming,Marketing,Hyderbad,macos,Firefox,Biometric,09:00,18:00,"Analytics,Campaign Dashboard,Email"
Emp893,Darren Barber,HR,Chennai,Linux,Edge,Password,08:00,17:00,"Email,HR Portal,Payroll"
Emp894,Lindsay Garcia,Finance,Chennai,Linux,Edge,Password,08:00,17:00,"Accounting,Invoices,Payroll"
Emp895,Preston Casey,HR,Delhi,macos,Firefox,Token,10:00,19:00,"Email,HR Portal,Payroll"
Emp896,Susan Sanchez,Marketing,Hyderbad,Windows,Chrome,Password,09:00,18:00,"Analytics,Campaign Dashboard,Email"
Emp897,Stacy Kim,IT,Pune,Windows,Chrome,Password,10:00,19:00,"GitHub,Jira,Server"
Emp898,Nicholas Garcia,HR,Delhi,Linux,Edge,Biometric,18:00,02:00,"Email,HR Portal,Payroll"
Emp899,Dennis Bryan,Sales,Chennai,macos,Edge,Biometric,10:00,19:00,"CRM,Customer Portal,Email"
Emp900,Brandi Ramirez,HR,Pune,Windows,Firefox,Password,10:00,19:00,"Email,HR Portal,Payroll"
Emp901,Michael Lambert,IT,Hyderbad,Linux,Edge,Token,08:00,17:00,"GitHub,Jira,Server"
Emp902,Luis Vasquez,Marketing,Pune,Linux,Firefox,Biometric,10:00,19:00,"Analytics,Campaign Dashboard,Email"
Emp903,Patricia Garcia,Sales,Pune,macos,Chrome,Biometric,10:00,19:00,"CRM,Customer Portal,Email"
Emp904,Ruth Shepherd,Marketing,Bangalore,Windows,Edge,Biometric,09:00,18:00,"Analytics,Campaign Dashboard,Email"
Emp905,Savannah Perez,IT,Delhi,macos,Chrome,Password,09:00,18:00,"GitHub,Jira,Server"
Emp906,Christopher Wise,Finance,Hyderbad,macos,Edge,Token,08:00,17:00,"Accounting,Invoices,Payroll"
Emp907,David Parker,HR,Bangalore,macos,Edge,Password,09:00,18:00,"Email,HR Portal,Payroll"
Emp908,Timothy Patel,HR,Hyderbad,Windows,Firefox,Biometric,10:00,19:00,"Email,HR Portal,Payroll"
Emp909,Stephen Brown,IT,Chennai,Linux,Chrome,Password,18:00,02:00,"GitHub,Jira,Server"
Emp910,Ricky Richard,Sales,Hyderbad,Linux,Chrome,Biometric,08:00,17:00,"CRM,Customer Portal,Email"
Emp911,Jeffrey Perez,Marketing,Mumbai,Linux,Firefox,Biometric,08:00,17:00,"Analytics,Campaign Dashboard,Email"
Emp912,Steven Flowers,IT,Hyderbad,Linux,Chrome,Biometric,08:00,17:00,"GitHub,Jira,Server"
Emp913,Kathryn Curry,IT,Hyderbad,Windows,Chrome,Password,08:00,17:00,"GitHub,Jira,Server"
Emp914,Tyler Mckenzie,HR,Bangalore,Windows,Firefox,Password,08:00,17:00,"Email,HR Portal,Payroll"
Emp915,Frank Turner,HR,Bangalore,macos,Firefox,Token,09:00,18:00,"Email,HR Portal,Payroll"
Emp916,Patricia Estrada,Finance,Delhi,Windows,Firefox,Password,10:00,19:00,"Accounting,Invoices,Payroll"
Emp917,Erin Mercado,Marketing,Chennai,macos,Firefox,Biometric,10:00,19:00,"Analytics,Campaign Dashboard,Email"
Emp918,Katherine Hill,IT,Pune,Linux,Firefox,Password,10:00,19:00,"GitHub,Jira,Server"
Emp919,Jared Wilson,Marketing,Bangalore,Linux,Firefox,Password,10:00,19:00,"Analytics,Campaign Dashboard,Email"
Emp920,Kelly Taylor,HR,Chennai,macos,Edge,Biometric,09:00,18:00,"Email,HR Portal,Payroll"
Emp921,Jesse Davis,Sales,Chennai,Windows,Chrome,Token,10:00,19:00,"CRM,Customer Portal,Email"
Emp922,Daniel Braun,IT,Mumbai,Windows,Chrome,Biometric,18:00,02:00,"GitHub,Jira,Server"
Emp923,Marco Gonzalez,IT,Pune,Linux,Chrome,Password,10:00,19:00,"GitHub,Jira,Server"
Emp924,Melinda Williams,IT,Mumbai,macos,Edge,Token,10:00,19:00,"GitHub,Jira,Server"
Emp925,Benjamin Duncan,Sales,Chennai,Linux,Edge,Biometric,08:00,17:00,"CRM,Customer Portal,Email"
Emp926,Matthew Richmond,IT,Mumbai,Linux,Edge,Token,18:00,02:00,"GitHub,Jira,Server"
Emp927,Monique Woods,Marketing,Pune,Windows,Firefox,Biometric,08:00,17:00,"Analytics,Campaign Dashboard,Email"
Emp928,Amanda Evans,Sales,Delhi,Linux,Chrome,Biometric,18:00,02:00,"CRM,Customer Portal,Email"
Emp929,Sheila Martin,Finance,Mumbai,Linux,Chrome,Token,18:00,02:00,"Accounting,Invoices,Payroll"
Emp930,Alexandra Stewart,Marketing,Mumbai,Windows,Firefox,Password,08:00,17:00,"Analytics,Campaign Dashboard,Email"
Emp931,David Barry,Marketing,Pune,macos,Chrome,Token,10:00,19:00,"Analytics,Campaign Dashboard,Email"
Emp932,Samuel Mack,HR,Pune,Linux,Chrome,Token,10:00,19:00,"Email,HR Portal,Payroll"
Emp933,Christopher Barker,IT,Delhi,Windows,Firefox,Token,10:00,19:00,"GitHub,Jira,Server"
Emp934,Steven Gordon,Finance,Pune,macos,Chrome,Biometric,09:00,18:00,"Accounting,Invoices,Payroll"
Emp935,Michael Smith DDS,Marketing,Bangalore,Linux,Firefox,Password,18:00,02:00,"Analytics,Campaign Dashboard,Email"
Emp936,Christina Cunningham,Marketing,Hyderbad,Windows,Firefox,Token,10:00,19:00,"Analytics,Campaign Dashboard,Email"
Emp937,Matthew Obrien,Finance,Pune,macos,Edge,Biometric,08:00,17:00,"Accounting,Invoices,Payroll"
Emp938,Jonathan Rogers,IT,Hyderbad,macos,Edge,Token,10:00,19:00,"GitHub,Jira,Server"
Emp939,Marco Richmond,Sales,Delhi,Windows,Edge,Biometric,18:00,02:00,"CRM,Customer Portal,Email"
Emp940,Christopher Alexander,Marketing,Chennai,macos,Chrome,Password,10:00,19:00,"Analytics,Campaign Dashboard,Email"
Emp941,Robert White,Finance,Mumbai,Linux,Firefox,Token,10:00,19:00,"Accounting,Invoices,Payroll"
Emp942,Sara Orr,Sales,Pune,macos,Firefox,Token,08:00,17:00,"CRM,Customer Portal,Email"
Emp943,Sandra Bates,Sales,Hyderbad,macos,Chrome,Token,18:00,02:00,"CRM,Customer Portal,Email"
Emp944,Joseph Duran,IT,Chennai,Windows,Chrome,Password,09:00,18:00,"GitHub,Jira,Server"
Emp945,Dominic Young,Finance,Pune,Linux,Firefox,Biometric,09:00,18:00,"Accounting,Invoices,Payroll"
Emp946,Benjamin Wells,Finance,Chennai,Linux,Firefox,Token,10:00,19:00,"Accounting,Invoices,Payroll"
Emp947,Scott Acosta,Sales,Bangalore,macos,Edge,Biometric,08:00,17:00,"CRM,Customer Portal,Email"
Emp948,Steve Williams,Marketing,Bangalore,Windows,Edge,Password,09:00,18:00,"Analytics,Campaign Dashboard,Email"
Emp949,Sara Santana,Sales,Mumbai,Windows,Edge,Biometric,10:00,19:00,"CRM,Customer Portal,Email"
Emp950,Eric Lynch,Finance,Mumbai,Windows,Edge,Password,10:00,19:00,"Accounting,Invoices,Payroll"
Emp951,Scott Nguyen,HR,Pune,Linux,Firefox,Password,08:00,17:00,"Email,HR Portal,Payroll"
Emp952,Cheryl Crane,HR,Pune,Windows,Chrome,Biometric,08:00,17:00,"Email,HR Portal,Payroll"
Emp953,Christina Lopez,HR,Chennai,Linux,Chrome,Biometric,09:00,18:00,"Email,HR Portal,Payroll"
Emp954,Kimberly Stone,HR,Pune,Linux,Firefox,Biometric,09:00,18:00,"Email,HR Portal,Payroll"
Emp955,Brandon Klein,Finance,Bangalore,Linux,Chrome,Token,09:00,18:00,"Accounting,Invoices,Payroll"
Emp956,Shannon Michael,Marketing,Pune,macos,Chrome,Password,18:00,02:00,"Analytics,Campaign Dashboard,Email"
Emp957,Sara Mccarthy,Marketing,Bangalore,Linux,Chrome,Biometric,08:00,17:00,"Analytics,Campaign Dashboard,Email"
Emp958,David Williams,Sales,Chennai,macos,Chrome,Password,18:00,02:00,"CRM,Customer Portal,Email"
Emp959,Natalie Lang,Marketing,Pune,Linux,Edge,Password,09:00,18:00,"Analytics,Campaign Dashboard,Email"
Emp960,Jacqueline Parker,Finance,Bangalore,Linux,Chrome,Biometric,08:00,17:00,"Accounting,Invoices,Payroll"
Emp961,Amy Padilla,Sales,Mumbai,Linux,Chrome,Token,18:00,02:00,"CRM,Customer Portal,Email"
Emp962,Tammy Jackson,HR,Pune,Windows,Edge,Biometric,09:00,18:00,"Email,HR Portal,Payroll"
Emp963,Jacob Bond,Sales,Pune,macos,Edge,Password,09:00,18:00,"CRM,Customer Portal,Email"
Emp964,Jennifer White,IT,Pune,Windows,Edge,Biometric,08:00,17:00,"GitHub,Jira,Server"
Emp965,Amber Thompson,Marketing,Hyderbad,macos,Firefox,Token,18:00,02:00,"Analytics,Campaign Dashboard,Email"
Emp966,Eric Carlson,Sales,Bangalore,Linux,Chrome,Password,08:00,17:00,"CRM,Customer Portal,Email"
Emp967,Brandi Flynn,Marketing,Delhi,Windows,Chrome,Biometric,10:00,19:00,"Analytics,Campaign Dashboard,Email"
Emp968,Kevin Morrow,Marketing,Delhi,Windows,Firefox,Biometric,10:00,19:00,"Analytics,Campaign Dashboard,Email"
Emp969,Hannah Chan,IT,Hyderbad,macos,Edge,Biometric,08:00,17:00,"GitHub,Jira,Server"
Emp970,Danielle Weeks,HR,Bangalore,Windows,Chrome,Token,18:00,02:00,"Email,HR Portal,Payroll"
Emp971,Monica Cobb,HR,Mumbai,Windows,Chrome,Token,09:00,18:00,"Email,HR Portal,Payroll"
Emp972,Mckenzie Perry,Finance,Mumbai,Linux,Chrome,Biometric,18:00,02:00,"Accounting,Invoices,Payroll"
Emp973,Jeffrey Franklin,Marketing,Pune,macos,Firefox,Password,18:00,02:00,"Analytics,Campaign Dashboard,Email"
Emp974,James Crosby,Finance,Mumbai,Windows,Edge,Token,18:00,02:00,"Accounting,Invoices,Payroll"
Emp975,Bailey York,Finance,Chennai,Windows,Firefox,Password,18:00,02:00,"Accounting,Invoices,Payroll"
Emp976,Andrew Campbell,HR,Bangalore,Windows,Firefox,Password,18:00,02:00,"Email,HR Portal,Payroll"
Emp977,David Stewart,HR,Bangalore,Linux,Firefox,Token,08:00,17:00,"Email,HR Portal,Payroll"
Emp978,Caitlin Clayton,Finance,Chennai,Linux,Chrome,Biometric,18:00,02:00,"Accounting,Invoices,Payroll"
Emp979,Austin Washington,IT,Chennai,Linux,Edge,Token,09:00,18:00,"GitHub,Jira,Server"
Emp980,Anne Nichols,Finance,Bangalore,Windows,Edge,Password,08:00,17:00,"Accounting,Invoices,Payroll"
Emp981,Lindsey Scott,IT,Mumbai,macos,Firefox,Token,18:00,02:00,"GitHub,Jira,Server"
Emp982,Charles Carroll,IT,Bangalore,Windows,Firefox,Token,09:00,18:00,"GitHub,Jira,Server"
Emp983,Joshua Benitez,Sales,Delhi,Linux,Firefox,Password,10:00,19:00,"CRM,Customer Portal,Email"
Emp984,Jeremy Hoffman,Finance,Chennai,Windows,Chrome,Biometric,09:00,18:00,"Accounting,Invoices,Payroll"
Emp985,Jennifer Moore,IT,Hyderbad,Windows,Edge,Token,18:00,02:00,"GitHub,Jira,Server"
Emp986,Brittany Russell,Finance,Delhi,Windows,Firefox,Password,09:00,18:00,"Accounting,Invoices,Payroll"
Emp987,Emily Reyes,Sales,Mumbai,macos,Firefox,Biometric,08:00,17:00,"CRM,Customer Portal,Email"
Emp988,Raymond Richardson,Marketing,Bangalore,Windows,Firefox,Token,10:00,19:00,"Analytics,Campaign Dashboard,Email"
Emp989,Justin Chan,Marketing,Chennai,macos,Chrome,Password,18:00,02:00,"Analytics,Campaign Dashboard,Email"
Emp990,Ashley Wolf,IT,Hyderbad,macos,Chrome,Biometric,10:00,19:00,"GitHub,Jira,Server"
Emp991,Elizabeth Davis,Marketing,Pune,Windows,Firefox,Biometric,10:00,19:00,"Analytics,Campaign Dashboard,Email"
Emp992,Todd Sanchez,IT,Hyderbad,Linux,Firefox,Token,18:00,02:00,"GitHub,Jira,Server"
Emp993,Lori Harris,Marketing,Pune,Linux,Edge,Password,08:00,17:00,"Analytics,Campaign Dashboard,Email"
Emp994,Mckenzie Morgan,Sales,Delhi,macos,Edge,Token,18:00,02:00,"CRM,Customer Portal,Email"
Emp995,Erica Stanley,Finance,Bangalore,Linux,Firefox,Biometric,10:00,19:00,"Accounting,Invoices,Payroll"
Emp996,Kaitlyn Powell,IT,Bangalore,Linux,Edge,Token,18:00,02:00,"GitHub,Jira,Server"
Emp997,April Martinez,Marketing,Bangalore,macos,Firefox,Password,10:00,19:00,"Analytics,Campaign Dashboard,Email"
Emp998,Lisa Mann,Marketing,Bangalore,macos,Firefox,Biometric,10:00,19:00,"Analytics,Campaign Dashboard,Email"
Emp999,Sean Richards,Marketing,Mumbai,Windows,Edge,Token,09:00,18:00,"Analytics,Campaign Dashboard,Email"
Emp1000,Melinda Carter,Sales,Mumbai,macos,Edge,Token,08:00,17:00,"CRM,Customer Portal,Email"
